nu_cm-1,alpha
2044.000,3.957837e-05
2044.005,3.946200e-05
2044.010,3.935132e-05
2044.015,3.924597e-05
2044.020,3.914563e-05
2044.025,3.905001e-05
2044.030,3.895885e-05
2044.035,3.887193e-05
2044.040,3.878904e-05
2044.045,3.870999e-05
2044.050,3.863461e-05
2044.055,3.856276e-05
2044.060,3.849431e-05
2044.065,3.842912e-05
2044.070,3.836708e-05
2044.075,3.830811e-05
2044.080,3.825210e-05
2044.085,3.819897e-05
2044.090,3.814865e-05
2044.095,3.810106e-05
2044.100,3.805615e-05
2044.105,3.801387e-05
2044.110,3.797415e-05
2044.115,3.793696e-05
2044.120,3.790226e-05
2044.125,3.787000e-05
2044.130,3.784016e-05
2044.135,3.781271e-05
2044.140,3.778763e-05
2044.145,3.776489e-05
2044.150,3.774448e-05
2044.155,3.772639e-05
2044.160,3.771059e-05
2044.165,3.769710e-05
2044.170,3.768590e-05
2044.175,3.767699e-05
2044.180,3.767037e-05
2044.185,3.766606e-05
2044.190,3.766405e-05
2044.195,3.766437e-05
2044.200,3.766703e-05
2044.205,3.767204e-05
2044.210,3.767944e-05
2044.215,3.768924e-05
2044.220,3.770148e-05
2044.225,3.771619e-05
2044.230,3.773341e-05
2044.235,3.775320e-05
2044.240,3.777559e-05
2044.245,3.780064e-05
2044.250,3.782841e-05
2044.255,3.785897e-05
2044.260,3.789240e-05
2044.265,3.792877e-05
2044.270,3.796818e-05
2044.275,3.801072e-05
2044.280,3.805650e-05
2044.285,3.810563e-05
2044.290,3.815825e-05
2044.295,3.821451e-05
2044.300,3.827455e-05
2044.305,3.833855e-05
2044.310,3.840669e-05
2044.315,3.847919e-05
2044.320,3.855628e-05
2044.325,3.863820e-05
2044.330,3.872525e-05
2044.335,3.881772e-05
2044.340,3.891596e-05
2044.345,3.902036e-05
2044.350,3.913135e-05
2044.355,3.924938e-05
2044.360,3.937500e-05
2044.365,3.950879e-05
2044.370,3.965143e-05
2044.375,3.980367e-05
2044.380,3.996635e-05
2044.385,4.014042e-05
2044.390,4.032699e-05
2044.395,4.052729e-05
2044.400,4.074273e-05
2044.405,4.097494e-05
2044.410,4.122579e-05
2044.415,4.149745e-05
2044.420,4.179241e-05
2044.425,4.211360e-05
2044.430,4.246445e-05
2044.435,4.284897e-05
2044.440,4.327192e-05
2044.445,4.373896e-05
2044.450,4.425686e-05
2044.455,4.483377e-05
2044.460,4.547953e-05
2044.465,4.620617e-05
2044.470,4.702847e-05
2044.475,4.796470e-05
2044.480,4.903768e-05
2044.485,5.027613e-05
2044.490,5.171651e-05
2044.495,5.340553e-05
2044.500,5.540359e-05
2044.505,5.778949e-05
2044.510,6.066682e-05
2044.515,6.417263e-05
2044.520,6.849057e-05
2044.525,7.385734e-05
2044.530,8.058594e-05
2044.535,8.906397e-05
2044.540,9.972799e-05
2044.545,1.129541e-04
2044.550,1.287784e-04
2044.555,1.463723e-04
2044.560,1.634209e-04
2044.565,1.760916e-04
2044.570,1.804946e-04
2044.575,1.751631e-04
2044.580,1.621824e-04
2044.585,1.456359e-04
2044.590,1.291695e-04
2044.595,1.148322e-04
2044.600,1.032919e-04
2044.605,9.447288e-05
2044.610,8.803510e-05
2044.615,8.360682e-05
2044.620,8.084826e-05
2044.625,7.941502e-05
2044.630,7.887466e-05
2044.635,7.862162e-05
2044.640,7.794486e-05
2044.645,7.629357e-05
2044.650,7.357254e-05
2044.655,7.015148e-05
2044.660,6.657001e-05
2044.665,6.324340e-05
2044.670,6.036968e-05
2044.675,5.798368e-05
2044.680,5.603904e-05
2044.685,5.446392e-05
2044.690,5.318756e-05
2044.695,5.214966e-05
2044.700,5.130166e-05
2044.705,5.060616e-05
2044.710,5.003362e-05
2044.715,4.956131e-05
2044.720,4.917153e-05
2044.725,4.885037e-05
2044.730,4.858685e-05
2044.735,4.837216e-05
2044.740,4.819925e-05
2044.745,4.806233e-05
2044.750,4.795671e-05
2044.755,4.787847e-05
2044.760,4.782437e-05
2044.765,4.779170e-05
2044.770,4.777816e-05
2044.775,4.778180e-05
2044.780,4.780098e-05
2044.785,4.783426e-05
2044.790,4.788042e-05
2044.795,4.793841e-05
2044.800,4.800731e-05
2044.805,4.808631e-05
2044.810,4.817472e-05
2044.815,4.827192e-05
2044.820,4.837738e-05
2044.825,4.849062e-05
2044.830,4.861122e-05
2044.835,4.873881e-05
2044.840,4.887307e-05
2044.845,4.901370e-05
2044.850,4.916045e-05
2044.855,4.931308e-05
2044.860,4.947141e-05
2044.865,4.963524e-05
2044.870,4.980442e-05
2044.875,4.997880e-05
2044.880,5.015827e-05
2044.885,5.034271e-05
2044.890,5.053203e-05
2044.895,5.072614e-05
2044.900,5.092497e-05
2044.905,5.112845e-05
2044.910,5.133654e-05
2044.915,5.154919e-05
2044.920,5.176636e-05
2044.925,5.198801e-05
2044.930,5.221414e-05
2044.935,5.244471e-05
2044.940,5.267972e-05
2044.945,5.291917e-05
2044.950,5.316304e-05
2044.955,5.341134e-05
2044.960,5.366409e-05
2044.965,5.392129e-05
2044.970,5.418296e-05
2044.975,5.444911e-05
2044.980,5.471978e-05
2044.985,5.499499e-05
2044.990,5.527477e-05
2044.995,5.555915e-05
2045.000,5.584818e-05
2045.005,5.614188e-05
2045.010,5.644031e-05
2045.015,5.674350e-05
2045.020,5.705152e-05
2045.025,5.736440e-05
2045.030,5.768221e-05
2045.035,5.800500e-05
2045.040,5.833283e-05
2045.045,5.866577e-05
2045.050,5.900387e-05
2045.055,5.934721e-05
2045.060,5.969586e-05
2045.065,6.004989e-05
2045.070,6.040938e-05
2045.075,6.077441e-05
2045.080,6.114505e-05
2045.085,6.152141e-05
2045.090,6.190355e-05
2045.095,6.229158e-05
2045.100,6.268559e-05
2045.105,6.308567e-05
2045.110,6.349193e-05
2045.115,6.390446e-05
2045.120,6.432339e-05
2045.125,6.474881e-05
2045.130,6.518085e-05
2045.135,6.561961e-05
2045.140,6.606523e-05
2045.145,6.651783e-05
2045.150,6.697754e-05
2045.155,6.744449e-05
2045.160,6.791883e-05
2045.165,6.840069e-05
2045.170,6.889024e-05
2045.175,6.938762e-05
2045.180,6.989300e-05
2045.185,7.040655e-05
2045.190,7.092845e-05
2045.195,7.145887e-05
2045.200,7.199802e-05
2045.205,7.254609e-05
2045.210,7.310330e-05
2045.215,7.366989e-05
2045.220,7.424609e-05
2045.225,7.483217e-05
2045.230,7.542842e-05
2045.235,7.603514e-05
2045.240,7.665268e-05
2045.245,7.728141e-05
2045.250,7.792177e-05
2045.255,7.857424e-05
2045.260,7.923935e-05
2045.265,7.991770e-05
2045.270,8.060993e-05
2045.275,8.131668e-05
2045.280,8.203844e-05
2045.285,8.277540e-05
2045.290,8.352703e-05
2045.295,8.429178e-05
2045.300,8.506691e-05
2045.305,8.584895e-05
2045.310,8.663504e-05
2045.315,8.742445e-05
2045.320,8.821915e-05
2045.325,8.902299e-05
2045.330,8.984009e-05
2045.335,9.067374e-05
2045.340,9.152601e-05
2045.345,9.239802e-05
2045.350,9.329026e-05
2045.355,9.420297e-05
2045.360,9.513630e-05
2045.365,9.609041e-05
2045.370,9.706554e-05
2045.375,9.806199e-05
2045.380,9.908013e-05
2045.385,1.001204e-04
2045.390,1.011834e-04
2045.395,1.022696e-04
2045.400,1.033798e-04
2045.405,1.045145e-04
2045.410,1.056746e-04
2045.415,1.068608e-04
2045.420,1.080740e-04
2045.425,1.093152e-04
2045.430,1.105852e-04
2045.435,1.118852e-04
2045.440,1.132162e-04
2045.445,1.145794e-04
2045.450,1.159759e-04
2045.455,1.174072e-04
2045.460,1.188747e-04
2045.465,1.203797e-04
2045.470,1.219239e-04
2045.475,1.235090e-04
2045.480,1.251368e-04
2045.485,1.268091e-04
2045.490,1.285281e-04
2045.495,1.302961e-04
2045.500,1.321152e-04
2045.505,1.339882e-04
2045.510,1.359178e-04
2045.515,1.379070e-04
2045.520,1.399590e-04
2045.525,1.420773e-04
2045.530,1.442657e-04
2045.535,1.465283e-04
2045.540,1.488698e-04
2045.545,1.512950e-04
2045.550,1.538094e-04
2045.555,1.564190e-04
2045.560,1.591304e-04
2045.565,1.619507e-04
2045.570,1.648882e-04
2045.575,1.679518e-04
2045.580,1.711515e-04
2045.585,1.744985e-04
2045.590,1.780055e-04
2045.595,1.816865e-04
2045.600,1.855577e-04
2045.605,1.896373e-04
2045.610,1.939460e-04
2045.615,1.985076e-04
2045.620,2.033493e-04
2045.625,2.085027e-04
2045.630,2.140045e-04
2045.635,2.198972e-04
2045.640,2.262309e-04
2045.645,2.330646e-04
2045.650,2.404682e-04
2045.655,2.485252e-04
2045.660,2.573358e-04
2045.665,2.670213e-04
2045.670,2.777294e-04
2045.675,2.896417e-04
2045.680,3.029828e-04
2045.685,3.180333e-04
2045.690,3.351470e-04
2045.695,3.547743e-04
2045.700,3.774943e-04
2045.705,4.040593e-04
2045.710,4.354578e-04
2045.715,4.730013e-04
2045.720,5.184471e-04
2045.725,5.741961e-04
2045.730,6.434146e-04
2045.735,7.304564e-04
2045.740,8.410412e-04
2045.745,9.823151e-04
2045.750,1.162050e-03
2045.755,1.385639e-03
2045.760,1.648774e-03
2045.765,1.925325e-03
2045.770,2.158541e-03
2045.775,2.275531e-03
2045.780,2.231885e-03
2045.785,2.047619e-03
2045.790,1.790286e-03
2045.795,1.526953e-03
2045.800,1.295963e-03
2045.805,1.108909e-03
2045.810,9.631631e-04
2045.815,8.513788e-04
2045.820,7.659885e-04
2045.825,7.006832e-04
2045.830,6.506069e-04
2045.835,6.121230e-04
2045.840,5.826016e-04
2045.845,5.600504e-04
2045.850,5.430098e-04
2045.855,5.303892e-04
2045.860,5.213665e-04
2045.865,5.153169e-04
2045.870,5.117615e-04
2045.875,5.103309e-04
2045.880,5.107386e-04
2045.885,5.127619e-04
2045.890,5.162272e-04
2045.895,5.209998e-04
2045.900,5.269758e-04
2045.905,5.340763e-04
2045.910,5.422430e-04
2045.915,5.514345e-04
2045.920,5.616241e-04
2045.925,5.727978e-04
2045.930,5.849529e-04
2045.935,5.980970e-04
2045.940,6.122477e-04
2045.945,6.274320e-04
2045.950,6.436865e-04
2045.955,6.610579e-04
2045.960,6.796036e-04
2045.965,6.993926e-04
2045.970,7.205071e-04
2045.975,7.430443e-04
2045.980,7.671191e-04
2045.985,7.928665e-04
2045.990,8.204468e-04
2045.995,8.500527e-04
2046.000,8.819215e-04
2046.005,9.163520e-04
2046.010,9.537254e-04
2046.015,9.945330e-04
2046.020,1.039393e-03
2046.025,1.089117e-03
2046.030,1.144745e-03
2046.035,1.207590e-03
2046.040,1.279193e-03
2046.045,1.361035e-03
2046.050,1.453699e-03
2046.055,1.555147e-03
2046.060,1.658573e-03
2046.065,1.752377e-03
2046.070,1.825535e-03
2046.075,1.875879e-03
2046.080,1.912321e-03
2046.085,1.948162e-03
2046.090,1.993591e-03
2046.095,2.053579e-03
2046.100,2.129560e-03
2046.105,2.221511e-03
2046.110,2.329197e-03
2046.115,2.452674e-03
2046.120,2.592456e-03
2046.125,2.749533e-03
2046.130,2.925395e-03
2046.135,3.122013e-03
2046.140,3.341898e-03
2046.145,3.588162e-03
2046.150,3.864616e-03
2046.155,4.175909e-03
2046.160,4.527716e-03
2046.165,4.926984e-03
2046.170,5.382259e-03
2046.175,5.904130e-03
2046.180,6.505804e-03
2046.185,7.203903e-03
2046.190,8.019533e-03
2046.195,8.979770e-03
2046.200,1.011971e-02
2046.205,1.148537e-02
2046.210,1.313779e-02
2046.215,1.515890e-02
2046.220,1.766135e-02
2046.225,2.079537e-02
2046.230,2.477251e-02
2046.235,2.988312e-02
2046.240,3.652163e-02
2046.245,4.519918e-02
2046.250,5.650117e-02
2046.255,7.088079e-02
2046.260,8.810220e-02
2046.265,1.062614e-01
2046.270,1.210749e-01
2046.275,1.271945e-01
2046.280,1.219147e-01
2046.285,1.075868e-01
2046.290,8.950303e-02
2046.295,7.211295e-02
2046.300,5.749160e-02
2046.305,4.596440e-02
2046.310,3.710556e-02
2046.315,3.032937e-02
2046.320,2.511623e-02
2046.325,2.106290e-02
2046.330,1.787182e-02
2046.335,1.532611e-02
2046.340,1.327181e-02
2046.345,1.159350e-02
2046.350,1.020734e-02
2046.355,9.050902e-03
2046.360,8.077173e-03
2046.365,7.250312e-03
2046.370,6.542690e-03
2046.375,5.932775e-03
2046.380,5.403611e-03
2046.385,4.941721e-03
2046.390,4.536293e-03
2046.395,4.178579e-03
2046.400,3.861446e-03
2046.405,3.579034e-03
2046.410,3.326494e-03
2046.415,3.099790e-03
2046.420,2.895541e-03
2046.425,2.710895e-03
2046.430,2.543441e-03
2046.435,2.391121e-03
2046.440,2.252178e-03
2046.445,2.125099e-03
2046.450,2.008579e-03
2046.455,1.901489e-03
2046.460,1.802845e-03
2046.465,1.711787e-03
2046.470,1.627563e-03
2046.475,1.549513e-03
2046.480,1.477054e-03
2046.485,1.409669e-03
2046.490,1.346902e-03
2046.495,1.288343e-03
2046.500,1.233622e-03
2046.505,1.182406e-03
2046.510,1.134391e-03
2046.515,1.089307e-03
2046.520,1.046919e-03
2046.525,1.007025e-03
2046.530,9.694445e-04
2046.535,9.340114e-04
2046.540,9.005716e-04
2046.545,8.689820e-04
2046.550,8.391110e-04
2046.555,8.108379e-04
2046.560,7.840524e-04
2046.565,7.586537e-04
2046.570,7.345495e-04
2046.575,7.116551e-04
2046.580,6.898929e-04
2046.585,6.691916e-04
2046.590,6.494856e-04
2046.595,6.307141e-04
2046.600,6.128214e-04
2046.605,5.957558e-04
2046.610,5.794695e-04
2046.615,5.639183e-04
2046.620,5.490611e-04
2046.625,5.348601e-04
2046.630,5.212797e-04
2046.635,5.082872e-04
2046.640,4.958521e-04
2046.645,4.839460e-04
2046.650,4.725425e-04
2046.655,4.616169e-04
2046.660,4.511463e-04
2046.665,4.411095e-04
2046.670,4.314864e-04
2046.675,4.222587e-04
2046.680,4.134091e-04
2046.685,4.049216e-04
2046.690,3.967813e-04
2046.695,3.889743e-04
2046.700,3.814880e-04
2046.705,3.743105e-04
2046.710,3.674309e-04
2046.715,3.608393e-04
2046.720,3.545266e-04
2046.725,3.484845e-04
2046.730,3.427057e-04
2046.735,3.371837e-04
2046.740,3.319127e-04
2046.745,3.268880e-04
2046.750,3.221056e-04
2046.755,3.175625e-04
2046.760,3.132567e-04
2046.765,3.091872e-04
2046.770,3.053541e-04
2046.775,3.017586e-04
2046.780,2.984035e-04
2046.785,2.952929e-04
2046.790,2.924325e-04
2046.795,2.898302e-04
2046.800,2.874958e-04
2046.805,2.854419e-04
2046.810,2.836839e-04
2046.815,2.822408e-04
2046.820,2.811359e-04
2046.825,2.803975e-04
2046.830,2.800601e-04
2046.835,2.801657e-04
2046.840,2.807655e-04
2046.845,2.819223e-04
2046.850,2.837133e-04
2046.855,2.862341e-04
2046.860,2.896032e-04
2046.865,2.939694e-04
2046.870,2.995204e-04
2046.875,3.064950e-04
2046.880,3.152000e-04
2046.885,3.260332e-04
2046.890,3.395156e-04
2046.895,3.563362e-04
2046.900,3.774154e-04
2046.905,4.040071e-04
2046.910,4.377631e-04
2046.915,4.809598e-04
2046.920,5.366168e-04
2046.925,6.086060e-04
2046.930,7.014368e-04
2046.935,8.191347e-04
2046.940,9.621115e-04
2046.945,1.121055e-03
2046.950,1.269971e-03
2046.955,1.367697e-03
2046.960,1.377887e-03
2046.965,1.296038e-03
2046.970,1.153300e-03
2046.975,9.921544e-04
2046.980,8.427349e-04
2046.985,7.176192e-04
2046.990,6.179571e-04
2046.995,5.401701e-04
2047.000,4.797108e-04
2047.005,4.325266e-04
2047.010,3.954100e-04
2047.015,3.659293e-04
2047.020,3.423178e-04
2047.025,3.232356e-04
2047.030,3.077016e-04
2047.035,2.949835e-04
2047.040,2.845299e-04
2047.045,2.759217e-04
2047.050,2.688376e-04
2047.055,2.630289e-04
2047.060,2.583020e-04
2047.065,2.545052e-04
2047.070,2.515189e-04
2047.075,2.492489e-04
2047.080,2.476206e-04
2047.085,2.465755e-04
2047.090,2.460678e-04
2047.095,2.460625e-04
2047.100,2.465334e-04
2047.105,2.474616e-04
2047.110,2.488350e-04
2047.115,2.506470e-04
2047.120,2.528963e-04
2047.125,2.555858e-04
2047.130,2.587227e-04
2047.135,2.623172e-04
2047.140,2.663823e-04
2047.145,2.709339e-04
2047.150,2.759916e-04
2047.155,2.815808e-04
2047.160,2.877356e-04
2047.165,2.944991e-04
2047.170,3.019231e-04
2047.175,3.100661e-04
2047.180,3.189933e-04
2047.185,3.287769e-04
2047.190,3.394978e-04
2047.195,3.512478e-04
2047.200,3.641316e-04
2047.205,3.782695e-04
2047.210,3.937999e-04
2047.215,4.108823e-04
2047.220,4.297018e-04
2047.225,4.504732e-04
2047.230,4.734470e-04
2047.235,4.989165e-04
2047.240,5.272265e-04
2047.245,5.587845e-04
2047.250,5.940742e-04
2047.255,6.336733e-04
2047.260,6.782755e-04
2047.265,7.287194e-04
2047.270,7.860253e-04
2047.275,8.514438e-04
2047.280,9.265195e-04
2047.285,1.013176e-03
2047.290,1.113828e-03
2047.295,1.231539e-03
2047.300,1.370228e-03
2047.305,1.534967e-03
2047.310,1.732379e-03
2047.315,1.971217e-03
2047.320,2.263157e-03
2047.325,2.624116e-03
2047.330,3.075096e-03
2047.335,3.645168e-03
2047.340,4.373248e-03
2047.345,5.310139e-03
2047.350,6.517335e-03
2047.355,8.055822e-03
2047.360,9.950835e-03
2047.365,1.211567e-02
2047.370,1.424789e-02
2047.375,1.580618e-02
2047.380,1.623332e-02
2047.385,1.535206e-02
2047.390,1.351591e-02
2047.395,1.131946e-02
2047.400,9.228732e-03
2047.405,7.458333e-03
2047.410,6.043326e-03
2047.415,4.939318e-03
2047.420,4.082730e-03
2047.425,3.415349e-03
2047.430,2.890740e-03
2047.435,2.473837e-03
2047.440,2.138572e-03
2047.445,1.866114e-03
2047.450,1.642172e-03
2047.455,1.456224e-03
2047.460,1.300358e-03
2047.465,1.168562e-03
2047.470,1.056215e-03
2047.475,9.597335e-04
2047.480,8.763055e-04
2047.485,8.037064e-04
2047.490,7.401591e-04
2047.495,6.842319e-04
2047.500,6.347620e-04
2047.505,5.907979e-04
2047.510,5.515555e-04
2047.515,5.163844e-04
2047.520,4.847413e-04
2047.525,4.561702e-04
2047.530,4.302859e-04
2047.535,4.067614e-04
2047.540,3.853177e-04
2047.545,3.657158e-04
2047.550,3.477496e-04
2047.555,3.312414e-04
2047.560,3.160365e-04
2047.565,3.020003e-04
2047.570,2.890152e-04
2047.575,2.769779e-04
2047.580,2.657974e-04
2047.585,2.553936e-04
2047.590,2.456953e-04
2047.595,2.366395e-04
2047.600,2.281698e-04
2047.605,2.202363e-04
2047.610,2.127938e-04
2047.615,2.058022e-04
2047.620,1.992253e-04
2047.625,1.930304e-04
2047.630,1.871882e-04
2047.635,1.816718e-04
2047.640,1.764574e-04
2047.645,1.715228e-04
2047.650,1.668482e-04
2047.655,1.624155e-04
2047.660,1.582082e-04
2047.665,1.542111e-04
2047.670,1.504105e-04
2047.675,1.467937e-04
2047.680,1.433493e-04
2047.685,1.400667e-04
2047.690,1.369362e-04
2047.695,1.339491e-04
2047.700,1.310974e-04
2047.705,1.283737e-04
2047.710,1.257716e-04
2047.715,1.232853e-04
2047.720,1.209095e-04
2047.725,1.186401e-04
2047.730,1.164735e-04
2047.735,1.144071e-04
2047.740,1.124395e-04
2047.745,1.105707e-04
2047.750,1.088024e-04
2047.755,1.071385e-04
2047.760,1.055860e-04
2047.765,1.041559e-04
2047.770,1.028635e-04
2047.775,1.017286e-04
2047.780,1.007721e-04
2047.785,1.000044e-04
2047.790,9.939982e-05
2047.795,9.885867e-05
2047.800,9.818804e-05
2047.805,9.716546e-05
2047.810,9.568329e-05
2047.815,9.383588e-05
2047.820,9.183994e-05
2047.825,8.988865e-05
2047.830,8.808292e-05
2047.835,8.644734e-05
2047.840,8.496869e-05
2047.845,8.362242e-05
2047.850,8.238446e-05
2047.855,8.123495e-05
2047.860,8.015846e-05
2047.865,7.914326e-05
2047.870,7.818065e-05
2047.875,7.726387e-05
2047.880,7.638775e-05
2047.885,7.554831e-05
2047.890,7.474238e-05
2047.895,7.396744e-05
2047.900,7.322148e-05
2047.905,7.250283e-05
2047.910,7.181015e-05
2047.915,7.114233e-05
2047.920,7.049850e-05
2047.925,6.987793e-05
2047.930,6.928007e-05
2047.935,6.870453e-05
2047.940,6.815103e-05
2047.945,6.761948e-05
2047.950,6.710988e-05
2047.955,6.662243e-05
2047.960,6.615749e-05
2047.965,6.571558e-05
2047.970,6.529747e-05
2047.975,6.490416e-05
2047.980,6.453694e-05
2047.985,6.419746e-05
2047.990,6.388779e-05
2047.995,6.361051e-05
2048.000,6.336884e-05
2048.005,6.316680e-05
2048.010,6.300943e-05
2048.015,6.290303e-05
2048.020,6.285557e-05
2048.025,6.287716e-05
2048.030,6.298074e-05
2048.035,6.318303e-05
2048.040,6.350578e-05
2048.045,6.397757e-05
2048.050,6.463640e-05
2048.055,6.553317e-05
2048.060,6.673753e-05
2048.065,6.834152e-05
2048.070,7.047247e-05
2048.075,7.329974e-05
2048.080,7.704069e-05
2048.085,8.194724e-05
2048.090,8.823821e-05
2048.095,9.591250e-05
2048.100,1.043921e-04
2048.105,1.121421e-04
2048.110,1.168364e-04
2048.115,1.165802e-04
2048.120,1.113745e-04
2048.125,1.031150e-04
2048.130,9.412782e-05
2048.135,8.594668e-05
2048.140,7.914892e-05
2048.145,7.373530e-05
2048.150,6.948690e-05
2048.155,6.615182e-05
2048.160,6.351277e-05
2048.165,6.140044e-05
2048.170,5.968763e-05
2048.175,5.828237e-05
2048.180,5.711515e-05
2048.185,5.613521e-05
2048.190,5.530475e-05
2048.195,5.459538e-05
2048.200,5.398563e-05
2048.205,5.345910e-05
2048.210,5.300324e-05
2048.215,5.260839e-05
2048.220,5.226714e-05
2048.225,5.197383e-05
2048.230,5.172420e-05
2048.235,5.151516e-05
2048.240,5.134458e-05
2048.245,5.121115e-05
2048.250,5.111436e-05
2048.255,5.105438e-05
2048.260,5.103209e-05
2048.265,5.104908e-05
2048.270,5.110768e-05
2048.275,5.121107e-05
2048.280,5.136337e-05
2048.285,5.156980e-05
2048.290,5.183688e-05
2048.295,5.217271e-05
2048.300,5.258737e-05
2048.305,5.309333e-05
2048.310,5.370614e-05
2048.315,5.444524e-05
2048.320,5.533507e-05
2048.325,5.640662e-05
2048.330,5.769936e-05
2048.335,5.926406e-05
2048.340,6.116646e-05
2048.345,6.349227e-05
2048.350,6.635384e-05
2048.355,6.990017e-05
2048.360,7.432179e-05
2048.365,7.986857e-05
2048.370,8.684947e-05
2048.375,9.561756e-05
2048.380,1.065005e-04
2048.385,1.196192e-04
2048.390,1.345330e-04
2048.395,1.497664e-04
2048.400,1.626042e-04
2048.405,1.698366e-04
2048.410,1.695123e-04
2048.415,1.622835e-04
2048.420,1.508286e-04
2048.425,1.379865e-04
2048.430,1.254676e-04
2048.435,1.138637e-04
2048.440,1.032862e-04
2048.445,9.382168e-05
2048.450,8.558534e-05
2048.455,7.861769e-05
2048.460,7.284156e-05
2048.465,6.810562e-05
2048.470,6.423025e-05
2048.475,6.104876e-05
2048.480,5.842010e-05
2048.485,5.623082e-05
2048.490,5.439168e-05
2048.495,5.283366e-05
2048.500,5.150266e-05
2048.505,5.035661e-05
2048.510,4.936250e-05
2048.515,4.849424e-05
2048.520,4.773104e-05
2048.525,4.705621e-05
2048.530,4.645625e-05
2048.535,4.592015e-05
2048.540,4.543887e-05
2048.545,4.500492e-05
2048.550,4.461211e-05
2048.555,4.425521e-05
2048.560,4.392984e-05
2048.565,4.363229e-05
2048.570,4.335939e-05
2048.575,4.310845e-05
2048.580,4.287714e-05
2048.585,4.266346e-05
2048.590,4.246567e-05
2048.595,4.228225e-05
2048.600,4.211189e-05
2048.605,4.195342e-05
2048.610,4.180584e-05
2048.615,4.166824e-05
2048.620,4.153984e-05
2048.625,4.141992e-05
2048.630,4.130786e-05
2048.635,4.120310e-05
2048.640,4.110514e-05
2048.645,4.101354e-05
2048.650,4.092789e-05
2048.655,4.084784e-05
2048.660,4.077306e-05
2048.665,4.070325e-05
2048.670,4.063815e-05
2048.675,4.057754e-05
2048.680,4.052118e-05
2048.685,4.046889e-05
2048.690,4.042050e-05
2048.695,4.037584e-05
2048.700,4.033478e-05
2048.705,4.029720e-05
2048.710,4.026299e-05
2048.715,4.023205e-05
2048.720,4.020430e-05
2048.725,4.017968e-05
2048.730,4.015814e-05
2048.735,4.013966e-05
2048.740,4.012420e-05
2048.745,4.011179e-05
2048.750,4.010245e-05
2048.755,4.009624e-05
2048.760,4.009326e-05
2048.765,4.009364e-05
2048.770,4.009757e-05
2048.775,4.010530e-05
2048.780,4.011717e-05
2048.785,4.013361e-05
2048.790,4.015518e-05
2048.795,4.018257e-05
2048.800,4.021659e-05
2048.805,4.025812e-05
2048.810,4.030792e-05
2048.815,4.036628e-05
2048.820,4.043234e-05
2048.825,4.050309e-05
2048.830,4.057264e-05
2048.835,4.063246e-05
2048.840,4.067391e-05
2048.845,4.069215e-05
2048.850,4.068889e-05
2048.855,4.067135e-05
2048.860,4.064855e-05
2048.865,4.062783e-05
2048.870,4.061355e-05
2048.875,4.060749e-05
2048.880,4.060981e-05
2048.885,4.061991e-05
2048.890,4.063691e-05
2048.895,4.065994e-05
2048.900,4.068823e-05
2048.905,4.072113e-05
2048.910,4.075813e-05
2048.915,4.079885e-05
2048.920,4.084297e-05
2048.925,4.089025e-05
2048.930,4.094054e-05
2048.935,4.099370e-05
2048.940,4.104966e-05
2048.945,4.110837e-05
2048.950,4.116983e-05
2048.955,4.123406e-05
2048.960,4.130111e-05
2048.965,4.137106e-05
2048.970,4.144404e-05
2048.975,4.152020e-05
2048.980,4.159974e-05
2048.985,4.168293e-05
2048.990,4.177010e-05
2048.995,4.186166e-05
2049.000,4.195813e-05
2049.005,4.206016e-05
2049.010,4.216856e-05
2049.015,4.228435e-05
2049.020,4.240879e-05
2049.025,4.254342e-05
2049.030,4.269008e-05
2049.035,4.285082e-05
2049.040,4.302774e-05
2049.045,4.322245e-05
2049.050,4.343509e-05
2049.055,4.366265e-05
2049.060,4.389688e-05
2049.065,4.412278e-05
2049.070,4.431990e-05
2049.075,4.446826e-05
2049.080,4.455708e-05
2049.085,4.459044e-05
2049.090,4.458510e-05
2049.095,4.456232e-05
2049.100,4.454013e-05
2049.105,4.452992e-05
2049.110,4.453696e-05
2049.115,4.456237e-05
2049.120,4.460512e-05
2049.125,4.466327e-05
2049.130,4.473475e-05
2049.135,4.481764e-05
2049.140,4.491030e-05
2049.145,4.501137e-05
2049.150,4.511976e-05
2049.155,4.523460e-05
2049.160,4.535520e-05
2049.165,4.548100e-05
2049.170,4.561159e-05
2049.175,4.574661e-05
2049.180,4.588581e-05
2049.185,4.602898e-05
2049.190,4.617594e-05
2049.195,4.632658e-05
2049.200,4.648081e-05
2049.205,4.663854e-05
2049.210,4.679973e-05
2049.215,4.696435e-05
2049.220,4.713239e-05
2049.225,4.730383e-05
2049.230,4.747868e-05
2049.235,4.765696e-05
2049.240,4.783868e-05
2049.245,4.802389e-05
2049.250,4.821261e-05
2049.255,4.840490e-05
2049.260,4.860080e-05
2049.265,4.880037e-05
2049.270,4.900366e-05
2049.275,4.921075e-05
2049.280,4.942171e-05
2049.285,4.963662e-05
2049.290,4.985556e-05
2049.295,5.007862e-05
2049.300,5.030590e-05
2049.305,5.053751e-05
2049.310,5.077356e-05
2049.315,5.101417e-05
2049.320,5.125948e-05
2049.325,5.150963e-05
2049.330,5.176479e-05
2049.335,5.202512e-05
2049.340,5.229084e-05
2049.345,5.256217e-05
2049.350,5.283937e-05
2049.355,5.312274e-05
2049.360,5.341266e-05
2049.365,5.370957e-05
2049.370,5.401402e-05
2049.375,5.432668e-05
2049.380,5.464843e-05
2049.385,5.498035e-05
2049.390,5.532378e-05
2049.395,5.568017e-05
2049.400,5.605079e-05
2049.405,5.643571e-05
2049.410,5.683213e-05
2049.415,5.723263e-05
2049.420,5.762585e-05
2049.425,5.800219e-05
2049.430,5.836089e-05
2049.435,5.871091e-05
2049.440,5.906449e-05
2049.445,5.943064e-05
2049.450,5.981362e-05
2049.455,6.021441e-05
2049.460,6.063255e-05
2049.465,6.106727e-05
2049.470,6.151789e-05
2049.475,6.198402e-05
2049.480,6.246548e-05
2049.485,6.296236e-05
2049.490,6.347489e-05
2049.495,6.400346e-05
2049.500,6.454859e-05
2049.505,6.511090e-05
2049.510,6.569110e-05
2049.515,6.629003e-05
2049.520,6.690858e-05
2049.525,6.754776e-05
2049.530,6.820866e-05
2049.535,6.889248e-05
2049.540,6.960054e-05
2049.545,7.033426e-05
2049.550,7.109520e-05
2049.555,7.188505e-05
2049.560,7.270567e-05
2049.565,7.355907e-05
2049.570,7.444746e-05
2049.575,7.537327e-05
2049.580,7.633915e-05
2049.585,7.734802e-05
2049.590,7.840307e-05
2049.595,7.950785e-05
2049.600,8.066626e-05
2049.605,8.188263e-05
2049.610,8.316175e-05
2049.615,8.450895e-05
2049.620,8.593018e-05
2049.625,8.743206e-05
2049.630,8.902203e-05
2049.635,9.070843e-05
2049.640,9.250066e-05
2049.645,9.440934e-05
2049.650,9.644647e-05
2049.655,9.862572e-05
2049.660,1.009627e-04
2049.665,1.034751e-04
2049.670,1.061836e-04
2049.675,1.091116e-04
2049.680,1.122865e-04
2049.685,1.157400e-04
2049.690,1.195093e-04
2049.695,1.236378e-04
2049.700,1.281769e-04
2049.705,1.331875e-04
2049.710,1.387421e-04
2049.715,1.449280e-04
2049.720,1.518502e-04
2049.725,1.596367e-04
2049.730,1.684442e-04
2049.735,1.784660e-04
2049.740,1.899427e-04
2049.745,2.031763e-04
2049.750,2.185493e-04
2049.755,2.365511e-04
2049.760,2.578140e-04
2049.765,2.831633e-04
2049.770,3.136881e-04
2049.775,3.508392e-04
2049.780,3.965905e-04
2049.785,4.535406e-04
2049.790,5.252751e-04
2049.795,6.165736e-04
2049.800,7.336372e-04
2049.805,8.838995e-04
2049.810,1.074588e-03
2049.815,1.308353e-03
2049.820,1.574021e-03
2049.825,1.834326e-03
2049.830,2.023707e-03
2049.835,2.075451e-03
2049.840,1.968710e-03
2049.845,1.746022e-03
2049.850,1.478906e-03
2049.855,1.223808e-03
2049.860,1.007151e-03
2049.865,8.336130e-04
2049.870,6.980687e-04
2049.875,5.929055e-04
2049.880,5.110689e-04
2049.885,4.468926e-04
2049.890,3.960565e-04
2049.895,3.554171e-04
2049.900,3.225901e-04
2049.905,2.958318e-04
2049.910,2.738422e-04
2049.915,2.556434e-04
2049.920,2.404929e-04
2049.925,2.278215e-04
2049.930,2.171888e-04
2049.935,2.082515e-04
2049.940,2.007403e-04
2049.945,1.944426e-04
2049.950,1.891907e-04
2049.955,1.848522e-04
2049.960,1.813236e-04
2049.965,1.785253e-04
2049.970,1.763982e-04
2049.975,1.749014e-04
2049.980,1.740113e-04
2049.985,1.737208e-04
2049.990,1.740408e-04
2049.995,1.750015e-04
2050.000,1.766564e-04
2050.005,1.790868e-04
2050.010,1.824104e-04
2050.015,1.867917e-04
2050.020,1.924588e-04
2050.025,1.997292e-04
2050.030,2.090271e-04
2050.035,2.209442e-04
2050.040,2.362746e-04
2050.045,2.560570e-04
2050.050,2.815517e-04
2050.055,3.140232e-04
2050.060,3.540509e-04
2050.065,4.000255e-04
2050.070,4.460303e-04
2050.075,4.811308e-04
2050.080,4.934729e-04
2050.085,4.783469e-04
2050.090,4.421047e-04
2050.095,3.969584e-04
2050.100,3.531448e-04
2050.105,3.157512e-04
2050.110,2.858875e-04
2050.115,2.627789e-04
2050.120,2.451243e-04
2050.125,2.316837e-04
2050.130,2.214500e-04
2050.135,2.136553e-04
2050.140,2.077257e-04
2050.145,2.032451e-04
2050.150,1.998975e-04
2050.155,1.974498e-04
2050.160,1.957270e-04
2050.165,1.945963e-04
2050.170,1.939557e-04
2050.175,1.937264e-04
2050.180,1.938471e-04
2050.185,1.942695e-04
2050.190,1.949554e-04
2050.195,1.958745e-04
2050.200,1.970027e-04
2050.205,1.983208e-04
2050.210,1.998137e-04
2050.215,2.014694e-04
2050.220,2.032779e-04
2050.225,2.052309e-04
2050.230,2.073196e-04
2050.235,2.095337e-04
2050.240,2.118605e-04
2050.245,2.142877e-04
2050.250,2.168080e-04
2050.255,2.194223e-04
2050.260,2.221377e-04
2050.265,2.249629e-04
2050.270,2.279039e-04
2050.275,2.309639e-04
2050.280,2.341441e-04
2050.285,2.374452e-04
2050.290,2.408679e-04
2050.295,2.444132e-04
2050.300,2.480826e-04
2050.305,2.518779e-04
2050.310,2.558016e-04
2050.315,2.598564e-04
2050.320,2.640456e-04
2050.325,2.683725e-04
2050.330,2.728412e-04
2050.335,2.774558e-04
2050.340,2.822208e-04
2050.345,2.871411e-04
2050.350,2.922220e-04
2050.355,2.974690e-04
2050.360,3.028880e-04
2050.365,3.084853e-04
2050.370,3.142677e-04
2050.375,3.202421e-04
2050.380,3.264161e-04
2050.385,3.327977e-04
2050.390,3.393953e-04
2050.395,3.462179e-04
2050.400,3.532748e-04
2050.405,3.605762e-04
2050.410,3.681326e-04
2050.415,3.759553e-04
2050.420,3.840562e-04
2050.425,3.924480e-04
2050.430,4.011441e-04
2050.435,4.101588e-04
2050.440,4.195071e-04
2050.445,4.292052e-04
2050.450,4.392701e-04
2050.455,4.497200e-04
2050.460,4.605744e-04
2050.465,4.718538e-04
2050.470,4.835801e-04
2050.475,4.957770e-04
2050.480,5.084694e-04
2050.485,5.216841e-04
2050.490,5.354498e-04
2050.495,5.497972e-04
2050.500,5.647591e-04
2050.505,5.803708e-04
2050.510,5.966703e-04
2050.515,6.136982e-04
2050.520,6.314985e-04
2050.525,6.501184e-04
2050.530,6.696091e-04
2050.535,6.900257e-04
2050.540,7.114279e-04
2050.545,7.338805e-04
2050.550,7.574533e-04
2050.555,7.822218e-04
2050.560,8.082673e-04
2050.565,8.356761e-04
2050.570,8.645392e-04
2050.575,8.949522e-04
2050.580,9.270167e-04
2050.585,9.608451e-04
2050.590,9.965673e-04
2050.595,1.034335e-03
2050.600,1.074324e-03
2050.605,1.116725e-03
2050.610,1.161748e-03
2050.615,1.209618e-03
2050.620,1.260579e-03
2050.625,1.314900e-03
2050.630,1.372881e-03
2050.635,1.434854e-03
2050.640,1.501188e-03
2050.645,1.572299e-03
2050.650,1.648654e-03
2050.655,1.730778e-03
2050.660,1.819263e-03
2050.665,1.914779e-03
2050.670,2.018087e-03
2050.675,2.130054e-03
2050.680,2.251670e-03
2050.685,2.384069e-03
2050.690,2.528559e-03
2050.695,2.686647e-03
2050.700,2.860083e-03
2050.705,3.050908e-03
2050.710,3.261507e-03
2050.715,3.494687e-03
2050.720,3.753767e-03
2050.725,4.042692e-03
2050.730,4.366181e-03
2050.735,4.729909e-03
2050.740,5.140753e-03
2050.745,5.607100e-03
2050.750,6.139258e-03
2050.755,6.749999e-03
2050.760,7.455286e-03
2050.765,8.275247e-03
2050.770,9.235519e-03
2050.775,1.036909e-02
2050.780,1.171887e-02
2050.785,1.334131e-02
2050.790,1.531156e-02
2050.795,1.773078e-02
2050.800,2.073839e-02
2050.805,2.452030e-02
2050.810,2.933761e-02
2050.815,3.554542e-02
2050.820,4.361564e-02
2050.825,5.413037e-02
2050.830,6.767597e-02
2050.835,8.448715e-02
2050.840,1.036588e-01
2050.845,1.221043e-01
2050.850,1.345141e-01
2050.855,1.359725e-01
2050.860,1.258295e-01
2050.865,1.082914e-01
2050.870,8.891592e-02
2050.875,7.139655e-02
2050.880,5.707004e-02
2050.885,4.588365e-02
2050.890,3.728877e-02
2050.895,3.068653e-02
2050.900,2.557610e-02
2050.905,2.157612e-02
2050.910,1.840639e-02
2050.915,1.586220e-02
2050.920,1.379748e-02
2050.925,1.210211e-02
2050.930,1.069554e-02
2050.935,9.517422e-03
2050.940,8.522024e-03
2050.945,7.674299e-03
2050.950,6.947093e-03
2050.955,6.319152e-03
2050.960,5.773682e-03
2050.965,5.297299e-03
2050.970,4.879251e-03
2050.975,4.510844e-03
2050.980,4.185007e-03
2050.985,3.895973e-03
2050.990,3.639027e-03
2050.995,3.410327e-03
2051.000,3.206766e-03
2051.005,3.025879e-03
2051.010,2.865784e-03
2051.015,2.725159e-03
2051.020,2.603262e-03
2051.025,2.499938e-03
2051.030,2.415764e-03
2051.035,2.352130e-03
2051.040,2.311332e-03
2051.045,2.296474e-03
2051.050,2.310775e-03
2051.055,2.355447e-03
2051.060,2.425118e-03
2051.065,2.501292e-03
2051.070,2.549684e-03
2051.075,2.531813e-03
2051.080,2.429728e-03
2051.085,2.260229e-03
2051.090,2.060965e-03
2051.095,1.865637e-03
2051.100,1.692168e-03
2051.105,1.545227e-03
2051.110,1.422760e-03
2051.115,1.320590e-03
2051.120,1.234546e-03
2051.125,1.161145e-03
2051.130,1.097679e-03
2051.135,1.042083e-03
2051.140,9.928306e-04
2051.145,9.487382e-04
2051.150,9.089134e-04
2051.155,8.726675e-04
2051.160,8.394621e-04
2051.165,8.088710e-04
2051.170,7.805523e-04
2051.175,7.542281e-04
2051.180,7.296703e-04
2051.185,7.066889e-04
2051.190,6.851246e-04
2051.195,6.648419e-04
2051.200,6.457252e-04
2051.205,6.276744e-04
2051.210,6.106026e-04
2051.215,5.944336e-04
2051.220,5.791005e-04
2051.225,5.645437e-04
2051.230,5.507102e-04
2051.235,5.375526e-04
2051.240,5.250284e-04
2051.245,5.130991e-04
2051.250,5.017298e-04
2051.255,4.908890e-04
2051.260,4.805479e-04
2051.265,4.706803e-04
2051.270,4.612622e-04
2051.275,4.522716e-04
2051.280,4.436884e-04
2051.285,4.354941e-04
2051.290,4.276717e-04
2051.295,4.202055e-04
2051.300,4.130814e-04
2051.305,4.062860e-04
2051.310,3.998073e-04
2051.315,3.936343e-04
2051.320,3.877567e-04
2051.325,3.821653e-04
2051.330,3.768518e-04
2051.335,3.718085e-04
2051.340,3.670285e-04
2051.345,3.625057e-04
2051.350,3.582346e-04
2051.355,3.542105e-04
2051.360,3.504293e-04
2051.365,3.468875e-04
2051.370,3.435823e-04
2051.375,3.405116e-04
2051.380,3.376738e-04
2051.385,3.350681e-04
2051.390,3.326943e-04
2051.395,3.305527e-04
2051.400,3.286446e-04
2051.405,3.269718e-04
2051.410,3.255368e-04
2051.415,3.243431e-04
2051.420,3.233949e-04
2051.425,3.226973e-04
2051.430,3.222562e-04
2051.435,3.220786e-04
2051.440,3.221726e-04
2051.445,3.225475e-04
2051.450,3.232137e-04
2051.455,3.241831e-04
2051.460,3.254690e-04
2051.465,3.270865e-04
2051.470,3.290523e-04
2051.475,3.313853e-04
2051.480,3.341066e-04
2051.485,3.372397e-04
2051.490,3.408109e-04
2051.495,3.448498e-04
2051.500,3.493891e-04
2051.505,3.544660e-04
2051.510,3.601216e-04
2051.515,3.664025e-04
2051.520,3.733610e-04
2051.525,3.810557e-04
2051.530,3.895531e-04
2051.535,3.989284e-04
2051.540,4.092667e-04
2051.545,4.206647e-04
2051.550,4.332329e-04
2051.555,4.470972e-04
2051.560,4.624026e-04
2051.565,4.793153e-04
2051.570,4.980278e-04
2051.575,5.187630e-04
2051.580,5.417806e-04
2051.585,5.673840e-04
2051.590,5.959300e-04
2051.595,6.278396e-04
2051.600,6.636126e-04
2051.605,7.038452e-04
2051.610,7.492536e-04
2051.615,8.007031e-04
2051.620,8.592460e-04
2051.625,9.261721e-04
2051.630,1.003074e-03
2051.635,1.091933e-03
2051.640,1.195239e-03
2051.645,1.316147e-03
2051.650,1.458693e-03
2051.655,1.628097e-03
2051.660,1.831176e-03
2051.665,2.076934e-03
2051.670,2.377376e-03
2051.675,2.748866e-03
2051.680,3.212980e-03
2051.685,3.799581e-03
2051.690,4.548637e-03
2051.695,5.512342e-03
2051.700,6.753963e-03
2051.705,8.336562e-03
2051.710,1.028730e-02
2051.715,1.251984e-02
2051.720,1.472754e-02
2051.725,1.635623e-02
2051.730,1.682768e-02
2051.735,1.594681e-02
2051.740,1.406700e-02
2051.745,1.180015e-02
2051.750,9.632964e-03
2051.755,7.793184e-03
2051.760,6.320656e-03
2051.765,5.170927e-03
2051.770,4.278557e-03
2051.775,3.583206e-03
2051.780,3.036603e-03
2051.785,2.602242e-03
2051.790,2.252967e-03
2051.795,1.969163e-03
2051.800,1.735939e-03
2051.805,1.542341e-03
2051.810,1.380138e-03
2051.815,1.243080e-03
2051.820,1.126378e-03
2051.825,1.026316e-03
2051.830,9.399680e-04
2051.835,8.649746e-04
2051.840,7.993643e-04
2051.845,7.414506e-04
2051.850,6.898411e-04
2051.855,6.435074e-04
2051.860,6.017703e-04
2051.865,5.641586e-04
2051.870,5.302631e-04
2051.875,4.996801e-04
2051.880,4.720206e-04
2051.885,4.469291e-04
2051.890,4.240940e-04
2051.895,4.032462e-04
2051.900,3.841554e-04
2051.905,3.666241e-04
2051.910,3.504824e-04
2051.915,3.355836e-04
2051.920,3.218001e-04
2051.925,3.090208e-04
2051.930,2.971483e-04
2051.935,2.860971e-04
2051.940,2.757916e-04
2051.945,2.661650e-04
2051.950,2.571580e-04
2051.955,2.487177e-04
2051.960,2.407968e-04
2051.965,2.333532e-04
2051.970,2.263490e-04
2051.975,2.197501e-04
2051.980,2.135259e-04
2051.985,2.076486e-04
2051.990,2.020934e-04
2051.995,1.968375e-04
2052.000,1.918605e-04
2052.005,1.871440e-04
2052.010,1.826710e-04
2052.015,1.784263e-04
2052.020,1.743962e-04
2052.025,1.705682e-04
2052.030,1.669309e-04
2052.035,1.634743e-04
2052.040,1.601893e-04
2052.045,1.570679e-04
2052.050,1.541029e-04
2052.055,1.512882e-04
2052.060,1.486187e-04
2052.065,1.460902e-04
2052.070,1.436993e-04
2052.075,1.414441e-04
2052.080,1.393233e-04
2052.085,1.373375e-04
2052.090,1.354882e-04
2052.095,1.337790e-04
2052.100,1.322153e-04
2052.105,1.308051e-04
2052.110,1.295593e-04
2052.115,1.284926e-04
2052.120,1.276245e-04
2052.125,1.269806e-04
2052.130,1.265943e-04
2052.135,1.265094e-04
2052.140,1.267828e-04
2052.145,1.274884e-04
2052.150,1.287220e-04
2052.155,1.306060e-04
2052.160,1.332929e-04
2052.165,1.369591e-04
2052.170,1.417956e-04
2052.175,1.479672e-04
2052.180,1.555546e-04
2052.185,1.644836e-04
2052.190,1.744554e-04
2052.195,1.848247e-04
2052.200,1.943680e-04
2052.205,2.011408e-04
2052.210,2.029607e-04
2052.215,1.986243e-04
2052.220,1.888539e-04
2052.225,1.758985e-04
2052.230,1.622169e-04
2052.235,1.494941e-04
2052.240,1.384826e-04
2052.245,1.293020e-04
2052.250,1.217712e-04
2052.255,1.156173e-04
2052.260,1.105743e-04
2052.265,1.064159e-04
2052.270,1.029658e-04
2052.275,1.000858e-04
2052.280,9.767272e-05
2052.285,9.565059e-05
2052.290,9.396473e-05
2052.295,9.257777e-05
2052.300,9.146689e-05
2052.305,9.062217e-05
2052.310,9.004585e-05
2052.315,8.975230e-05
2052.320,8.976870e-05
2052.325,9.013729e-05
2052.330,9.091638e-05
2052.335,9.219226e-05
2052.340,9.409124e-05
2052.345,9.679633e-05
2052.350,1.005511e-04
2052.355,1.056241e-04
2052.360,1.121889e-04
2052.365,1.200523e-04
2052.370,1.282350e-04
2052.375,1.347285e-04
2052.380,1.371168e-04
2052.385,1.341427e-04
2052.390,1.267471e-04
2052.395,1.172744e-04
2052.400,1.078623e-04
2052.405,9.964514e-05
2052.410,9.291292e-05
2052.415,8.753619e-05
2052.420,8.325960e-05
2052.425,7.983328e-05
2052.430,7.705284e-05
2052.435,7.476217e-05
2052.440,7.284471e-05
2052.445,7.121612e-05
2052.450,6.981234e-05
2052.455,6.858625e-05
2052.460,6.750243e-05
2052.465,6.653398e-05
2052.470,6.566026e-05
2052.475,6.486525e-05
2052.480,6.413644e-05
2052.485,6.346393e-05
2052.490,6.283987e-05
2052.495,6.225797e-05
2052.500,6.171321e-05
2052.505,6.120155e-05
2052.510,6.071982e-05
2052.515,6.026552e-05
2052.520,5.983679e-05
2052.525,5.943237e-05
2052.530,5.905154e-05
2052.535,5.869418e-05
2052.540,5.836081e-05
2052.545,5.805258e-05
2052.550,5.777123e-05
2052.555,5.751861e-05
2052.560,5.729559e-05
2052.565,5.710009e-05
2052.570,5.692533e-05
2052.575,5.676153e-05
2052.580,5.660296e-05
2052.585,5.645530e-05
2052.590,5.633364e-05
2052.595,5.625228e-05
2052.600,5.621443e-05
2052.605,5.620616e-05
2052.610,5.619398e-05
2052.615,5.612883e-05
2052.620,5.596100e-05
2052.625,5.566281e-05
2052.630,5.524337e-05
2052.635,5.474260e-05
2052.640,5.421008e-05
2052.645,5.368593e-05
2052.650,5.319372e-05
2052.655,5.274277e-05
2052.660,5.233355e-05
2052.665,5.196230e-05
2052.670,5.162386e-05
2052.675,5.131312e-05
2052.680,5.102554e-05
2052.685,5.075732e-05
2052.690,5.050539e-05
2052.695,5.026725e-05
2052.700,5.004094e-05
2052.705,4.982487e-05
2052.710,4.961776e-05
2052.715,4.941859e-05
2052.720,4.922652e-05
2052.725,4.904087e-05
2052.730,4.886106e-05
2052.735,4.868663e-05
2052.740,4.851718e-05
2052.745,4.835237e-05
2052.750,4.819192e-05
2052.755,4.803557e-05
2052.760,4.788313e-05
2052.765,4.773440e-05
2052.770,4.758922e-05
2052.775,4.744745e-05
2052.780,4.730895e-05
2052.785,4.717362e-05
2052.790,4.704135e-05
2052.795,4.691205e-05
2052.800,4.678564e-05
2052.805,4.666203e-05
2052.810,4.654116e-05
2052.815,4.642297e-05
2052.820,4.630739e-05
2052.825,4.619436e-05
2052.830,4.608385e-05
2052.835,4.597580e-05
2052.840,4.587016e-05
2052.845,4.576690e-05
2052.850,4.566597e-05
2052.855,4.556734e-05
2052.860,4.547097e-05
2052.865,4.537684e-05
2052.870,4.528491e-05
2052.875,4.519514e-05
2052.880,4.510752e-05
2052.885,4.502202e-05
2052.890,4.493861e-05
2052.895,4.485728e-05
2052.900,4.477798e-05
2052.905,4.470072e-05
2052.910,4.462546e-05
2052.915,4.455219e-05
2052.920,4.448088e-05
2052.925,4.441153e-05
2052.930,4.434411e-05
2052.935,4.427862e-05
2052.940,4.421503e-05
2052.945,4.415333e-05
2052.950,4.409351e-05
2052.955,4.403555e-05
2052.960,4.397945e-05
2052.965,4.392519e-05
2052.970,4.387277e-05
2052.975,4.382217e-05
2052.980,4.377338e-05
2052.985,4.372640e-05
2052.990,4.368122e-05
2052.995,4.363783e-05
2053.000,4.359623e-05
2053.005,4.355641e-05
2053.010,4.351836e-05
2053.015,4.348207e-05
2053.020,4.344756e-05
2053.025,4.341480e-05
2053.030,4.338380e-05
2053.035,4.335456e-05
2053.040,4.332708e-05
2053.045,4.330134e-05
2053.050,4.327736e-05
2053.055,4.325513e-05
2053.060,4.323466e-05
2053.065,4.321593e-05
2053.070,4.319897e-05
2053.075,4.318376e-05
2053.080,4.317031e-05
2053.085,4.315863e-05
2053.090,4.314871e-05
2053.095,4.314057e-05
2053.100,4.313420e-05
2053.105,4.312962e-05
2053.110,4.312683e-05
2053.115,4.312584e-05
2053.120,4.312666e-05
2053.125,4.312929e-05
2053.130,4.313374e-05
2053.135,4.314003e-05
2053.140,4.314817e-05
2053.145,4.315816e-05
2053.150,4.317002e-05
2053.155,4.318377e-05
2053.160,4.319941e-05
2053.165,4.321697e-05
2053.170,4.323646e-05
2053.175,4.325789e-05
2053.180,4.328128e-05
2053.185,4.330665e-05
2053.190,4.333403e-05
2053.195,4.336343e-05
2053.200,4.339487e-05
2053.205,4.342838e-05
2053.210,4.346398e-05
2053.215,4.350170e-05
2053.220,4.354156e-05
2053.225,4.358360e-05
2053.230,4.362783e-05
2053.235,4.367430e-05
2053.240,4.372303e-05
2053.245,4.377405e-05
2053.250,4.382741e-05
2053.255,4.388314e-05
2053.260,4.394128e-05
2053.265,4.400186e-05
2053.270,4.406494e-05
2053.275,4.413055e-05
2053.280,4.419875e-05
2053.285,4.426957e-05
2053.290,4.434308e-05
2053.295,4.441932e-05
2053.300,4.449836e-05
2053.305,4.458024e-05
2053.310,4.466504e-05
2053.315,4.475281e-05
2053.320,4.484362e-05
2053.325,4.493755e-05
2053.330,4.503466e-05
2053.335,4.513504e-05
2053.340,4.523877e-05
2053.345,4.534593e-05
2053.350,4.545661e-05
2053.355,4.557090e-05
2053.360,4.568891e-05
2053.365,4.581074e-05
2053.370,4.593650e-05
2053.375,4.606630e-05
2053.380,4.620026e-05
2053.385,4.633852e-05
2053.390,4.648120e-05
2053.395,4.662844e-05
2053.400,4.678041e-05
2053.405,4.693724e-05
2053.410,4.709912e-05
2053.415,4.726621e-05
2053.420,4.743869e-05
2053.425,4.761677e-05
2053.430,4.780065e-05
2053.435,4.799056e-05
2053.440,4.818671e-05
2053.445,4.838936e-05
2053.450,4.859878e-05
2053.455,4.881523e-05
2053.460,4.903902e-05
2053.465,4.927045e-05
2053.470,4.950986e-05
2053.475,4.975762e-05
2053.480,5.001409e-05
2053.485,5.027969e-05
2053.490,5.055486e-05
2053.495,5.084006e-05
2053.500,5.113579e-05
2053.505,5.144260e-05
2053.510,5.176107e-05
2053.515,5.209184e-05
2053.520,5.243559e-05
2053.525,5.279306e-05
2053.530,5.316508e-05
2053.535,5.355255e-05
2053.540,5.395644e-05
2053.545,5.437787e-05
2053.550,5.481802e-05
2053.555,5.527822e-05
2053.560,5.575992e-05
2053.565,5.626460e-05
2053.570,5.679366e-05
2053.575,5.734821e-05
2053.580,5.792869e-05
2053.585,5.853471e-05
2053.590,5.916536e-05
2053.595,5.982029e-05
2053.600,6.050102e-05
2053.605,6.121148e-05
2053.610,6.195710e-05
2053.615,6.274353e-05
2053.620,6.357586e-05
2053.625,6.445856e-05
2053.630,6.539587e-05
2053.635,6.639210e-05
2053.640,6.745197e-05
2053.645,6.858073e-05
2053.650,6.978433e-05
2053.655,7.106949e-05
2053.660,7.244380e-05
2053.665,7.391590e-05
2053.670,7.549556e-05
2053.675,7.719388e-05
2053.680,7.902348e-05
2053.685,8.099879e-05
2053.690,8.313628e-05
2053.695,8.545490e-05
2053.700,8.797644e-05
2053.705,9.072613e-05
2053.710,9.373324e-05
2053.715,9.703192e-05
2053.720,1.006622e-04
2053.725,1.046711e-04
2053.730,1.091145e-04
2053.735,1.140587e-04
2053.740,1.195830e-04
2053.745,1.257832e-04
2053.750,1.327753e-04
2053.755,1.407008e-04
2053.760,1.497341e-04
2053.765,1.600913e-04
2053.770,1.720428e-04
2053.775,1.859297e-04
2053.780,2.021866e-04
2053.785,2.213730e-04
2053.790,2.442159e-04
2053.795,2.716703e-04
2053.800,3.050036e-04
2053.805,3.459135e-04
2053.810,3.967180e-04
2053.815,4.604704e-04
2053.820,5.413637e-04
2053.825,6.448947e-04
2053.830,7.779082e-04
2053.835,9.478060e-04
2053.840,1.159636e-03
2053.845,1.409073e-03
2053.850,1.670902e-03
2053.855,1.890792e-03
2053.860,1.999187e-03
2053.865,1.953628e-03
2053.870,1.772872e-03
2053.875,1.521170e-03
2053.880,1.262769e-03
2053.885,1.034767e-03
2053.890,8.486426e-04
2053.895,7.020962e-04
2053.900,5.881682e-04
2053.905,4.996107e-04
2053.910,4.303495e-04
2053.915,3.756951e-04
2053.920,3.321277e-04
2053.925,2.970991e-04
2053.930,2.686758e-04
2053.935,2.454398e-04
2053.940,2.263301e-04
2053.945,2.105467e-04
2053.950,1.974847e-04
2053.955,1.866889e-04
2053.960,1.778200e-04
2053.965,1.706266e-04
2053.970,1.649234e-04
2053.975,1.605754e-04
2053.980,1.574915e-04
2053.985,1.556278e-04
2053.990,1.550003e-04
2053.995,1.557011e-04
2054.000,1.579103e-04
2054.005,1.619100e-04
2054.010,1.680874e-04
2054.015,1.769864e-04
2054.020,1.893372e-04
2054.025,2.060915e-04
2054.030,2.283911e-04
2054.035,2.573435e-04
2054.040,2.933537e-04
2054.045,3.347212e-04
2054.050,3.757556e-04
2054.055,4.062969e-04
2054.060,4.155873e-04
2054.065,3.995012e-04
2054.070,3.639064e-04
2054.075,3.199539e-04
2054.080,2.770635e-04
2054.085,2.400167e-04
2054.090,2.099416e-04
2054.095,1.861880e-04
2054.100,1.675774e-04
2054.105,1.529623e-04
2054.110,1.413989e-04
2054.115,1.321606e-04
2054.120,1.247006e-04
2054.125,1.186200e-04
2054.130,1.136138e-04
2054.135,1.094563e-04
2054.140,1.059767e-04
2054.145,1.030448e-04
2054.150,1.005598e-04
2054.155,9.844344e-05
2054.160,9.663397e-05
2054.165,9.508229e-05
2054.170,9.374904e-05
2054.175,9.260236e-05
2054.180,9.161625e-05
2054.185,9.076933e-05
2054.190,9.004390e-05
2054.195,8.942522e-05
2054.200,8.890091e-05
2054.205,8.846053e-05
2054.210,8.809523e-05
2054.215,8.779746e-05
2054.220,8.756076e-05
2054.225,8.737959e-05
2054.230,8.724913e-05
2054.235,8.716518e-05
2054.240,8.712403e-05
2054.245,8.712228e-05
2054.250,8.715680e-05
2054.255,8.722467e-05
2054.260,8.732332e-05
2054.265,8.745072e-05
2054.270,8.760538e-05
2054.275,8.778618e-05
2054.280,8.799220e-05
2054.285,8.822250e-05
2054.290,8.847613e-05
2054.295,8.875217e-05
2054.300,8.904975e-05
2054.305,8.936805e-05
2054.310,8.970637e-05
2054.315,9.006404e-05
2054.320,9.044051e-05
2054.325,9.083527e-05
2054.330,9.124787e-05
2054.335,9.167794e-05
2054.340,9.212511e-05
2054.345,9.258911e-05
2054.350,9.306968e-05
2054.355,9.356659e-05
2054.360,9.407966e-05
2054.365,9.460874e-05
2054.370,9.515371e-05
2054.375,9.571446e-05
2054.380,9.629092e-05
2054.385,9.688305e-05
2054.390,9.749081e-05
2054.395,9.811420e-05
2054.400,9.875323e-05
2054.405,9.940794e-05
2054.410,1.000784e-04
2054.415,1.007646e-04
2054.420,1.014667e-04
2054.425,1.021847e-04
2054.430,1.029189e-04
2054.435,1.036693e-04
2054.440,1.044360e-04
2054.445,1.052193e-04
2054.450,1.060192e-04
2054.455,1.068361e-04
2054.460,1.076700e-04
2054.465,1.085212e-04
2054.470,1.093900e-04
2054.475,1.102765e-04
2054.480,1.111811e-04
2054.485,1.121039e-04
2054.490,1.130454e-04
2054.495,1.140057e-04
2054.500,1.149851e-04
2054.505,1.159841e-04
2054.510,1.170030e-04
2054.515,1.180420e-04
2054.520,1.191016e-04
2054.525,1.201822e-04
2054.530,1.212841e-04
2054.535,1.224077e-04
2054.540,1.235536e-04
2054.545,1.247221e-04
2054.550,1.259136e-04
2054.555,1.271288e-04
2054.560,1.283680e-04
2054.565,1.296318e-04
2054.570,1.309207e-04
2054.575,1.322353e-04
2054.580,1.335761e-04
2054.585,1.349437e-04
2054.590,1.363388e-04
2054.595,1.377619e-04
2054.600,1.392138e-04
2054.605,1.406951e-04
2054.610,1.422065e-04
2054.615,1.437487e-04
2054.620,1.453225e-04
2054.625,1.469287e-04
2054.630,1.485681e-04
2054.635,1.502414e-04
2054.640,1.519497e-04
2054.645,1.536937e-04
2054.650,1.554745e-04
2054.655,1.572929e-04
2054.660,1.591499e-04
2054.665,1.610467e-04
2054.670,1.629842e-04
2054.675,1.649636e-04
2054.680,1.669860e-04
2054.685,1.690526e-04
2054.690,1.711647e-04
2054.695,1.733235e-04
2054.700,1.755304e-04
2054.705,1.777867e-04
2054.710,1.800939e-04
2054.715,1.824535e-04
2054.720,1.848670e-04
2054.725,1.873360e-04
2054.730,1.898622e-04
2054.735,1.924473e-04
2054.740,1.950932e-04
2054.745,1.978017e-04
2054.750,2.005748e-04
2054.755,2.034145e-04
2054.760,2.063229e-04
2054.765,2.093023e-04
2054.770,2.123549e-04
2054.775,2.154831e-04
2054.780,2.186895e-04
2054.785,2.219766e-04
2054.790,2.253471e-04
2054.795,2.288040e-04
2054.800,2.323501e-04
2054.805,2.359887e-04
2054.810,2.397228e-04
2054.815,2.435559e-04
2054.820,2.474916e-04
2054.825,2.515335e-04
2054.830,2.556856e-04
2054.835,2.599520e-04
2054.840,2.643368e-04
2054.845,2.688447e-04
2054.850,2.734802e-04
2054.855,2.782484e-04
2054.860,2.831545e-04
2054.865,2.882038e-04
2054.870,2.934023e-04
2054.875,2.987559e-04
2054.880,3.042710e-04
2054.885,3.099544e-04
2054.890,3.158133e-04
2054.895,3.218550e-04
2054.900,3.280876e-04
2054.905,3.345195e-04
2054.910,3.411597e-04
2054.915,3.480176e-04
2054.920,3.551032e-04
2054.925,3.624273e-04
2054.930,3.700013e-04
2054.935,3.778372e-04
2054.940,3.859482e-04
2054.945,3.943479e-04
2054.950,4.030513e-04
2054.955,4.120743e-04
2054.960,4.214339e-04
2054.965,4.311487e-04
2054.970,4.412386e-04
2054.975,4.517249e-04
2054.980,4.626311e-04
2054.985,4.739826e-04
2054.990,4.858069e-04
2054.995,4.981345e-04
2055.000,5.109985e-04
2055.005,5.244355e-04
2055.010,5.384861e-04
2055.015,5.531954e-04
2055.020,5.686136e-04
2055.025,5.847973e-04
2055.030,6.018104e-04
2055.035,6.197254e-04
2055.040,6.386255e-04
2055.045,6.586063e-04
2055.050,6.797794e-04
2055.055,7.022754e-04
2055.060,7.262490e-04
2055.065,7.518854e-04
2055.070,7.794084e-04
2055.075,8.090917e-04
2055.080,8.412744e-04
2055.085,8.763812e-04
2055.090,9.149518e-04
2055.095,9.576796e-04
2055.100,1.005467e-03
2055.105,1.059512e-03
2055.110,1.121362e-03
2055.115,1.193098e-03
2055.120,1.277424e-03
2055.125,1.377731e-03
2055.130,1.497871e-03
2055.135,1.641172e-03
2055.140,1.807852e-03
2055.145,1.990133e-03
2055.150,2.166804e-03
2055.155,2.304297e-03
2055.160,2.371989e-03
2055.165,2.363913e-03
2055.170,2.303807e-03
2055.175,2.227231e-03
2055.180,2.161581e-03
2055.185,2.119932e-03
2055.190,2.105094e-03
2055.195,2.115167e-03
2055.200,2.147016e-03
2055.205,2.197773e-03
2055.210,2.265295e-03
2055.215,2.348179e-03
2055.220,2.445719e-03
2055.225,2.557717e-03
2055.230,2.684455e-03
2055.235,2.826623e-03
2055.240,2.985293e-03
2055.245,3.161910e-03
2055.250,3.358315e-03
2055.255,3.576778e-03
2055.260,3.820062e-03
2055.265,4.091498e-03
2055.270,4.395103e-03
2055.275,4.735714e-03
2055.280,5.119183e-03
2055.285,5.552612e-03
2055.290,6.044675e-03
2055.295,6.606029e-03
2055.300,7.249865e-03
2055.305,7.992637e-03
2055.310,8.855054e-03
2055.315,9.863418e-03
2055.320,1.105147e-02
2055.325,1.246294e-02
2055.330,1.415517e-02
2055.335,1.620411e-02
2055.340,1.871161e-02
2055.345,2.181729e-02
2055.350,2.570654e-02
2055.355,3.063856e-02
2055.360,3.696492e-02
2055.365,4.515344e-02
2055.370,5.578797e-02
2055.375,6.948403e-02
2055.380,8.658540e-02
2055.385,1.064538e-01
2055.390,1.264123e-01
2055.395,1.413494e-01
2055.400,1.457607e-01
2055.405,1.377406e-01
2055.410,1.206583e-01
2055.415,1.002885e-01
2055.420,8.108496e-02
2055.425,6.500537e-02
2055.430,5.228898e-02
2055.435,4.245724e-02
2055.440,3.488581e-02
2055.445,2.902255e-02
2055.450,2.443637e-02
2055.455,2.080655e-02
2055.460,1.789731e-02
2055.465,1.553996e-02
2055.470,1.360715e-02
2055.475,1.200576e-02
2055.480,1.066606e-02
2055.485,9.535255e-03
2055.490,8.572925e-03
2055.495,7.747782e-03
2055.500,7.035352e-03
2055.505,6.416302e-03
2055.510,5.875218e-03
2055.515,5.399700e-03
2055.520,4.979694e-03
2055.525,4.606980e-03
2055.530,4.274794e-03
2055.535,3.977528e-03
2055.540,3.710505e-03
2055.545,3.469801e-03
2055.550,3.252105e-03
2055.555,3.054606e-03
2055.560,2.874911e-03
2055.565,2.710967e-03
2055.570,2.561009e-03
2055.575,2.423512e-03
2055.580,2.297154e-03
2055.585,2.180781e-03
2055.590,2.073388e-03
2055.595,1.974092e-03
2055.600,1.882117e-03
2055.605,1.796776e-03
2055.610,1.717465e-03
2055.615,1.643645e-03
2055.620,1.574837e-03
2055.625,1.510616e-03
2055.630,1.450598e-03
2055.635,1.394444e-03
2055.640,1.341845e-03
2055.645,1.292527e-03
2055.650,1.246240e-03
2055.655,1.202761e-03
2055.660,1.161887e-03
2055.665,1.123435e-03
2055.670,1.087241e-03
2055.675,1.053153e-03
2055.680,1.021035e-03
2055.685,9.907597e-04
2055.690,9.622055e-04
2055.695,9.352555e-04
2055.700,9.098007e-04
2055.705,8.857491e-04
2055.710,8.630295e-04
2055.715,8.415849e-04
2055.720,8.213626e-04
2055.725,8.023099e-04
2055.730,7.843747e-04
2055.735,7.675082e-04
2055.740,7.516658e-04
2055.745,7.368077e-04
2055.750,7.228991e-04
2055.755,7.099100e-04
2055.760,6.978148e-04
2055.765,6.865928e-04
2055.770,6.762274e-04
2055.775,6.667064e-04
2055.780,6.580206e-04
2055.785,6.501631e-04
2055.790,6.431258e-04
2055.795,6.368971e-04
2055.800,6.314616e-04
2055.805,6.268076e-04
2055.810,6.229399e-04
2055.815,6.198906e-04
2055.820,6.177163e-04
2055.825,6.164865e-04
2055.830,6.162730e-04
2055.835,6.171449e-04
2055.840,6.191603e-04
2055.845,6.223475e-04
2055.850,6.266788e-04
2055.855,6.320664e-04
2055.860,6.384277e-04
2055.865,6.458042e-04
2055.870,6.544196e-04
2055.875,6.646095e-04
2055.880,6.767109e-04
2055.885,6.910129e-04
2055.890,7.077693e-04
2055.895,7.272220e-04
2055.900,7.496079e-04
2055.905,7.751553e-04
2055.910,8.040921e-04
2055.915,8.367043e-04
2055.920,8.734470e-04
2055.925,9.150497e-04
2055.930,9.625431e-04
2055.935,1.017213e-03
2055.940,1.080554e-03
2055.945,1.154301e-03
2055.950,1.240496e-03
2055.955,1.341591e-03
2055.960,1.460522e-03
2055.965,1.600756e-03
2055.970,1.766329e-03
2055.975,1.962039e-03
2055.980,2.194125e-03
2055.985,2.471701e-03
2055.990,2.808668e-03
2055.995,3.225599e-03
2056.000,3.750092e-03
2056.005,4.419412e-03
2056.010,5.281698e-03
2056.015,6.397071e-03
2056.020,7.832672e-03
2056.025,9.640870e-03
2056.030,1.180266e-02
2056.035,1.412711e-02
2056.040,1.616222e-02
2056.045,1.728168e-02
2056.050,1.704554e-02
2056.055,1.554998e-02
2056.060,1.334523e-02
2056.065,1.102806e-02
2056.070,8.961519e-03
2056.075,7.267248e-03
2056.080,5.931537e-03
2056.085,4.892933e-03
2056.090,4.085439e-03
2056.095,3.453319e-03
2056.100,2.953480e-03
2056.105,2.553597e-03
2056.110,2.230292e-03
2056.115,1.965826e-03
2056.120,1.747163e-03
2056.125,1.564507e-03
2056.130,1.410415e-03
2056.135,1.279199e-03
2056.140,1.166511e-03
2056.145,1.069023e-03
2056.150,9.841546e-04
2056.155,9.098652e-04
2056.160,8.445023e-04
2056.165,7.867102e-04
2056.170,7.353693e-04
2056.175,6.895517e-04
2056.180,6.484861e-04
2056.185,6.115287e-04
2056.190,5.781404e-04
2056.195,5.478668e-04
2056.200,5.203236e-04
2056.205,4.951840e-04
2056.210,4.721685e-04
2056.215,4.510375e-04
2056.220,4.315841e-04
2056.225,4.136293e-04
2056.230,3.970175e-04
2056.235,3.816130e-04
2056.240,3.672966e-04
2056.245,3.539641e-04
2056.250,3.415231e-04
2056.255,3.298922e-04
2056.260,3.189992e-04
2056.265,3.087797e-04
2056.270,2.991763e-04
2056.275,2.901379e-04
2056.280,2.816184e-04
2056.285,2.735766e-04
2056.290,2.659752e-04
2056.295,2.587808e-04
2056.300,2.519628e-04
2056.305,2.454939e-04
2056.310,2.393490e-04
2056.315,2.335055e-04
2056.320,2.279425e-04
2056.325,2.226413e-04
2056.330,2.175845e-04
2056.335,2.127564e-04
2056.340,2.081423e-04
2056.345,2.037291e-04
2056.350,1.995044e-04
2056.355,1.954570e-04
2056.360,1.915764e-04
2056.365,1.878531e-04
2056.370,1.842783e-04
2056.375,1.808436e-04
2056.380,1.775416e-04
2056.385,1.743651e-04
2056.390,1.713078e-04
2056.395,1.683636e-04
2056.400,1.655268e-04
2056.405,1.627924e-04
2056.410,1.601554e-04
2056.415,1.576115e-04
2056.420,1.551566e-04
2056.425,1.527868e-04
2056.430,1.504987e-04
2056.435,1.482890e-04
2056.440,1.461549e-04
2056.445,1.440936e-04
2056.450,1.421029e-04
2056.455,1.401806e-04
2056.460,1.383248e-04
2056.465,1.365341e-04
2056.470,1.348071e-04
2056.475,1.331431e-04
2056.480,1.315413e-04
2056.485,1.300018e-04
2056.490,1.285247e-04
2056.495,1.271109e-04
2056.500,1.257620e-04
2056.505,1.244801e-04
2056.510,1.232685e-04
2056.515,1.221315e-04
2056.520,1.210750e-04
2056.525,1.201065e-04
2056.530,1.192361e-04
2056.535,1.184772e-04
2056.540,1.178471e-04
2056.545,1.173690e-04
2056.550,1.170733e-04
2056.555,1.170013e-04
2056.560,1.172082e-04
2056.565,1.177701e-04
2056.570,1.187879e-04
2056.575,1.204010e-04
2056.580,1.227943e-04
2056.585,1.262028e-04
2056.590,1.308918e-04
2056.595,1.370729e-04
2056.600,1.446827e-04
2056.605,1.529881e-04
2056.610,1.602243e-04
2056.615,1.639105e-04
2056.620,1.622583e-04
2056.625,1.555866e-04
2056.630,1.460487e-04
2056.635,1.360267e-04
2056.640,1.269898e-04
2056.645,1.194413e-04
2056.650,1.133353e-04
2056.655,1.084300e-04
2056.660,1.044625e-04
2056.665,1.012100e-04
2056.670,9.849977e-05
2056.675,9.620223e-05
2056.680,9.422352e-05
2056.685,9.249241e-05
2056.690,9.095666e-05
2056.695,8.957707e-05
2056.700,8.832396e-05
2056.705,8.717461e-05
2056.710,8.611140e-05
2056.715,8.512056e-05
2056.720,8.419116e-05
2056.725,8.331450e-05
2056.730,8.248355e-05
2056.735,8.169257e-05
2056.740,8.093686e-05
2056.745,8.021253e-05
2056.750,7.951632e-05
2056.755,7.884549e-05
2056.760,7.819773e-05
2056.765,7.757105e-05
2056.770,7.696377e-05
2056.775,7.637440e-05
2056.780,7.580167e-05
2056.785,7.524446e-05
2056.790,7.470180e-05
2056.795,7.417281e-05
2056.800,7.365673e-05
2056.805,7.315286e-05
2056.810,7.266058e-05
2056.815,7.217935e-05
2056.820,7.170865e-05
2056.825,7.124803e-05
2056.830,7.079707e-05
2056.835,7.035538e-05
2056.840,6.992263e-05
2056.845,6.949848e-05
2056.850,6.908263e-05
2056.855,6.867482e-05
2056.860,6.827477e-05
2056.865,6.788225e-05
2056.870,6.749704e-05
2056.875,6.711892e-05
2056.880,6.674770e-05
2056.885,6.638320e-05
2056.890,6.602523e-05
2056.895,6.567363e-05
2056.900,6.532825e-05
2056.905,6.498893e-05
2056.910,6.465554e-05
2056.915,6.432794e-05
2056.920,6.400601e-05
2056.925,6.368962e-05
2056.930,6.337866e-05
2056.935,6.307301e-05
2056.940,6.277258e-05
2056.945,6.247726e-05
2056.950,6.218696e-05
2056.955,6.190158e-05
2056.960,6.162103e-05
2056.965,6.134522e-05
2056.970,6.107409e-05
2056.975,6.080754e-05
2056.980,6.054551e-05
2056.985,6.028791e-05
2056.990,6.003469e-05
2056.995,5.978577e-05
2057.000,5.954109e-05
2057.005,5.930059e-05
2057.010,5.906421e-05
2057.015,5.883188e-05
2057.020,5.860357e-05
2057.025,5.837920e-05
2057.030,5.815874e-05
2057.035,5.794213e-05
2057.040,5.772933e-05
2057.045,5.752029e-05
2057.050,5.731497e-05
2057.055,5.711333e-05
2057.060,5.691533e-05
2057.065,5.672093e-05
2057.070,5.653009e-05
2057.075,5.634278e-05
2057.080,5.615898e-05
2057.085,5.597864e-05
2057.090,5.580173e-05
2057.095,5.562824e-05
2057.100,5.545814e-05
2057.105,5.529139e-05
2057.110,5.512799e-05
2057.115,5.496790e-05
2057.120,5.481112e-05
2057.125,5.465762e-05
2057.130,5.450738e-05
2057.135,5.436040e-05
2057.140,5.421666e-05
2057.145,5.407616e-05
2057.150,5.393889e-05
2057.155,5.380484e-05
2057.160,5.367401e-05
2057.165,5.354640e-05
2057.170,5.342201e-05
2057.175,5.330086e-05
2057.180,5.318295e-05
2057.185,5.306829e-05
2057.190,5.295691e-05
2057.195,5.284882e-05
2057.200,5.274405e-05
2057.205,5.264264e-05
2057.210,5.254463e-05
2057.215,5.245006e-05
2057.220,5.235899e-05
2057.225,5.227149e-05
2057.230,5.218764e-05
2057.235,5.210754e-05
2057.240,5.203131e-05
2057.245,5.195907e-05
2057.250,5.189101e-05
2057.255,5.182731e-05
2057.260,5.176822e-05
2057.265,5.171404e-05
2057.270,5.166515e-05
2057.275,5.162199e-05
2057.280,5.158515e-05
2057.285,5.155533e-05
2057.290,5.153347e-05
2057.295,5.152071e-05
2057.300,5.151853e-05
2057.305,5.152881e-05
2057.310,5.155387e-05
2057.315,5.159647e-05
2057.320,5.165982e-05
2057.325,5.174706e-05
2057.330,5.186052e-05
2057.335,5.199993e-05
2057.340,5.215960e-05
2057.345,5.232458e-05
2057.350,5.246827e-05
2057.355,5.255682e-05
2057.360,5.256364e-05
2057.365,5.248570e-05
2057.370,5.234631e-05
2057.375,5.218097e-05
2057.380,5.202024e-05
2057.385,5.188210e-05
2057.390,5.177326e-05
2057.395,5.169376e-05
2057.400,5.164074e-05
2057.405,5.161063e-05
2057.410,5.160010e-05
2057.415,5.160637e-05
2057.420,5.162730e-05
2057.425,5.166120e-05
2057.430,5.170686e-05
2057.435,5.176338e-05
2057.440,5.183011e-05
2057.445,5.190665e-05
2057.450,5.199270e-05
2057.455,5.208812e-05
2057.460,5.219288e-05
2057.465,5.230702e-05
2057.470,5.243066e-05
2057.475,5.256396e-05
2057.480,5.270718e-05
2057.485,5.286059e-05
2057.490,5.302453e-05
2057.495,5.319939e-05
2057.500,5.338560e-05
2057.505,5.358365e-05
2057.510,5.379406e-05
2057.515,5.401741e-05
2057.520,5.425435e-05
2057.525,5.450557e-05
2057.530,5.477185e-05
2057.535,5.505401e-05
2057.540,5.535298e-05
2057.545,5.566974e-05
2057.550,5.600542e-05
2057.555,5.636122e-05
2057.560,5.673848e-05
2057.565,5.713870e-05
2057.570,5.756353e-05
2057.575,5.801481e-05
2057.580,5.849460e-05
2057.585,5.900513e-05
2057.590,5.954883e-05
2057.595,6.012814e-05
2057.600,6.074527e-05
2057.605,6.140174e-05
2057.610,6.209798e-05
2057.615,6.283333e-05
2057.620,6.360720e-05
2057.625,6.442107e-05
2057.630,6.528004e-05
2057.635,6.619238e-05
2057.640,6.716776e-05
2057.645,6.821556e-05
2057.650,6.934441e-05
2057.655,7.056252e-05
2057.660,7.187826e-05
2057.665,7.330062e-05
2057.670,7.483951e-05
2057.675,7.650609e-05
2057.680,7.831331e-05
2057.685,8.027652e-05
2057.690,8.241398e-05
2057.695,8.474715e-05
2057.700,8.730078e-05
2057.705,9.010330e-05
2057.710,9.318755e-05
2057.715,9.659183e-05
2057.720,1.003611e-04
2057.725,1.045484e-04
2057.730,1.092170e-04
2057.735,1.144424e-04
2057.740,1.203156e-04
2057.745,1.269466e-04
2057.750,1.344697e-04
2057.755,1.430497e-04
2057.760,1.528907e-04
2057.765,1.642474e-04
2057.770,1.774406e-04
2057.775,1.928777e-04
2057.780,2.110818e-04
2057.785,2.327306e-04
2057.790,2.587112e-04
2057.795,2.901967e-04
2057.800,3.287515e-04
2057.805,3.765028e-04
2057.810,4.362395e-04
2057.815,5.117745e-04
2057.820,6.080878e-04
2057.825,7.313765e-04
2057.830,8.884004e-04
2057.835,1.084050e-03
2057.840,1.315423e-03
2057.845,1.561784e-03
2057.850,1.776286e-03
2057.855,1.895319e-03
2057.860,1.874209e-03
2057.865,1.721633e-03
2057.870,1.492445e-03
2057.875,1.247991e-03
2057.880,1.027220e-03
2057.885,8.444402e-04
2057.890,6.993790e-04
2057.895,5.861881e-04
2057.900,4.981534e-04
2057.905,4.294432e-04
2057.910,3.754800e-04
2057.915,3.328049e-04
2057.920,2.989157e-04
2057.925,2.719297e-04
2057.930,2.504941e-04
2057.935,2.336369e-04
2057.940,2.206781e-04
2057.945,2.111729e-04
2057.950,2.048772e-04
2057.955,2.017377e-04
2057.960,2.018805e-04
2057.965,2.056470e-04
2057.970,2.136038e-04
2057.975,2.265482e-04
2057.980,2.454302e-04
2057.985,2.710464e-04
2057.990,3.032594e-04
2057.995,3.395588e-04
2058.000,3.735145e-04
