nu_cm-1,alpha_line1,alpha_line2,alpha_total,transmittance
7185.200,4.469956e-04,1.166685e-03,1.613680e-03,9.983876e-01
7185.201,4.492572e-04,1.172591e-03,1.621848e-03,9.983795e-01
7185.202,4.515361e-04,1.178542e-03,1.630078e-03,9.983713e-01
7185.203,4.538324e-04,1.184538e-03,1.638370e-03,9.983630e-01
7185.204,4.561462e-04,1.190580e-03,1.646726e-03,9.983546e-01
7185.205,4.584778e-04,1.196669e-03,1.655146e-03,9.983462e-01
7185.206,4.608272e-04,1.202804e-03,1.663631e-03,9.983378e-01
7185.207,4.631948e-04,1.208987e-03,1.672181e-03,9.983292e-01
7185.208,4.655807e-04,1.215217e-03,1.680798e-03,9.983206e-01
7185.209,4.679850e-04,1.221496e-03,1.689481e-03,9.983119e-01
7185.210,4.704080e-04,1.227823e-03,1.698232e-03,9.983032e-01
7185.211,4.728499e-04,1.234200e-03,1.707050e-03,9.982944e-01
7185.212,4.753108e-04,1.240627e-03,1.715938e-03,9.982855e-01
7185.213,4.777910e-04,1.247104e-03,1.724895e-03,9.982766e-01
7185.214,4.802907e-04,1.253632e-03,1.733923e-03,9.982676e-01
7185.215,4.828100e-04,1.260211e-03,1.743021e-03,9.982585e-01
7185.216,4.853492e-04,1.266843e-03,1.752192e-03,9.982493e-01
7185.217,4.879084e-04,1.273526e-03,1.761435e-03,9.982401e-01
7185.218,4.904879e-04,1.280263e-03,1.770751e-03,9.982308e-01
7185.219,4.930880e-04,1.287054e-03,1.780142e-03,9.982214e-01
7185.220,4.957088e-04,1.293898e-03,1.789607e-03,9.982120e-01
7185.221,4.983505e-04,1.300797e-03,1.799148e-03,9.982025e-01
7185.222,5.010134e-04,1.307752e-03,1.808765e-03,9.981929e-01
7185.223,5.036977e-04,1.314763e-03,1.818460e-03,9.981832e-01
7185.224,5.064036e-04,1.321830e-03,1.828233e-03,9.981734e-01
7185.225,5.091313e-04,1.328954e-03,1.838085e-03,9.981636e-01
7185.226,5.118812e-04,1.336136e-03,1.848017e-03,9.981537e-01
7185.227,5.146534e-04,1.343377e-03,1.858030e-03,9.981437e-01
7185.228,5.174481e-04,1.350676e-03,1.868124e-03,9.981336e-01
7185.229,5.202657e-04,1.358035e-03,1.878301e-03,9.981235e-01
7185.230,5.231063e-04,1.365455e-03,1.888561e-03,9.981132e-01
7185.231,5.259703e-04,1.372935e-03,1.898906e-03,9.981029e-01
7185.232,5.288579e-04,1.380477e-03,1.909335e-03,9.980925e-01
7185.233,5.317692e-04,1.388082e-03,1.919851e-03,9.980820e-01
7185.234,5.347047e-04,1.395749e-03,1.930454e-03,9.980714e-01
7185.235,5.376646e-04,1.403481e-03,1.941145e-03,9.980607e-01
7185.236,5.406491e-04,1.411276e-03,1.951925e-03,9.980500e-01
7185.237,5.436585e-04,1.419137e-03,1.962795e-03,9.980391e-01
7185.238,5.466931e-04,1.427064e-03,1.973757e-03,9.980282e-01
7185.239,5.497531e-04,1.435057e-03,1.984810e-03,9.980172e-01
7185.240,5.528389e-04,1.443118e-03,1.995956e-03,9.980060e-01
7185.241,5.559508e-04,1.451246e-03,2.007197e-03,9.979948e-01
7185.242,5.590890e-04,1.459444e-03,2.018533e-03,9.979835e-01
7185.243,5.622538e-04,1.467711e-03,2.029965e-03,9.979721e-01
7185.244,5.654456e-04,1.476049e-03,2.041495e-03,9.979606e-01
7185.245,5.686647e-04,1.484458e-03,2.053123e-03,9.979490e-01
7185.246,5.719112e-04,1.492939e-03,2.064850e-03,9.979373e-01
7185.247,5.751857e-04,1.501493e-03,2.076679e-03,9.979255e-01
7185.248,5.784883e-04,1.510121e-03,2.088609e-03,9.979136e-01
7185.249,5.818195e-04,1.518823e-03,2.100643e-03,9.979016e-01
7185.250,5.851795e-04,1.527601e-03,2.112781e-03,9.978894e-01
7185.251,5.885687e-04,1.536455e-03,2.125024e-03,9.978772e-01
7185.252,5.919874e-04,1.545387e-03,2.137374e-03,9.978649e-01
7185.253,5.954360e-04,1.554396e-03,2.149832e-03,9.978525e-01
7185.254,5.989148e-04,1.563485e-03,2.162400e-03,9.978399e-01
7185.255,6.024242e-04,1.572654e-03,2.175078e-03,9.978273e-01
7185.256,6.059644e-04,1.581903e-03,2.187867e-03,9.978145e-01
7185.257,6.095360e-04,1.591234e-03,2.200770e-03,9.978016e-01
7185.258,6.131392e-04,1.600648e-03,2.213788e-03,9.977887e-01
7185.259,6.167745e-04,1.610146e-03,2.226921e-03,9.977756e-01
7185.260,6.204421e-04,1.619729e-03,2.240171e-03,9.977623e-01
7185.261,6.241426e-04,1.629398e-03,2.253540e-03,9.977490e-01
7185.262,6.278763e-04,1.639153e-03,2.267029e-03,9.977355e-01
7185.263,6.316435e-04,1.648996e-03,2.280640e-03,9.977220e-01
7185.264,6.354448e-04,1.658929e-03,2.294374e-03,9.977083e-01
7185.265,6.392804e-04,1.668951e-03,2.308231e-03,9.976944e-01
7185.266,6.431509e-04,1.679065e-03,2.322215e-03,9.976805e-01
7185.267,6.470566e-04,1.689270e-03,2.336327e-03,9.976664e-01
7185.268,6.509980e-04,1.699569e-03,2.350567e-03,9.976522e-01
7185.269,6.549755e-04,1.709963e-03,2.364938e-03,9.976379e-01
7185.270,6.589895e-04,1.720452e-03,2.379441e-03,9.976234e-01
7185.271,6.630405e-04,1.731038e-03,2.394079e-03,9.976088e-01
7185.272,6.671290e-04,1.741722e-03,2.408851e-03,9.975940e-01
7185.273,6.712554e-04,1.752505e-03,2.423761e-03,9.975792e-01
7185.274,6.754202e-04,1.763389e-03,2.438809e-03,9.975642e-01
7185.275,6.796239e-04,1.774375e-03,2.453999e-03,9.975490e-01
7185.276,6.838669e-04,1.785463e-03,2.469330e-03,9.975337e-01
7185.277,6.881498e-04,1.796656e-03,2.484806e-03,9.975183e-01
7185.278,6.924730e-04,1.808075e-03,2.500548e-03,9.975026e-01
7185.279,6.968370e-04,1.819482e-03,2.516319e-03,9.974868e-01
7185.280,7.012424e-04,1.830998e-03,2.532241e-03,9.974710e-01
7185.281,7.057380e-04,1.842624e-03,2.548362e-03,9.974549e-01
7185.282,7.102287e-04,1.854361e-03,2.564589e-03,9.974387e-01
7185.283,7.147623e-04,1.866210e-03,2.580972e-03,9.974224e-01
7185.284,7.193394e-04,1.878174e-03,2.597513e-03,9.974059e-01
7185.285,7.239607e-04,1.890252e-03,2.614213e-03,9.973892e-01
7185.286,7.286266e-04,1.902448e-03,2.631075e-03,9.973724e-01
7185.287,7.333378e-04,1.914762e-03,2.648100e-03,9.973554e-01
7185.288,7.380947e-04,1.927197e-03,2.665291e-03,9.973383e-01
7185.289,7.428981e-04,1.939752e-03,2.682650e-03,9.973209e-01
7185.290,7.477485e-04,1.952431e-03,2.700180e-03,9.973035e-01
7185.291,7.526466e-04,1.965235e-03,2.717882e-03,9.972858e-01
7185.292,7.575929e-04,1.978165e-03,2.735758e-03,9.972680e-01
7185.293,7.625881e-04,1.991223e-03,2.753811e-03,9.972500e-01
7185.294,7.676329e-04,2.004411e-03,2.772044e-03,9.972318e-01
7185.295,7.727279e-04,2.017731e-03,2.790459e-03,9.972134e-01
7185.296,7.778738e-04,2.031184e-03,2.809057e-03,9.971949e-01
7185.297,7.830712e-04,2.044771e-03,2.827843e-03,9.971762e-01
7185.298,7.883208e-04,2.058496e-03,2.846817e-03,9.971572e-01
7185.299,7.936234e-04,2.072359e-03,2.865983e-03,9.971381e-01
7185.300,7.989797e-04,2.086363e-03,2.885343e-03,9.971188e-01
7185.301,8.043904e-04,2.100510e-03,2.904900e-03,9.970993e-01
7185.302,8.098561e-04,2.114801e-03,2.924657e-03,9.970796e-01
7185.303,8.153778e-04,2.129238e-03,2.944616e-03,9.970597e-01
7185.304,8.209561e-04,2.143824e-03,2.964780e-03,9.970396e-01
7185.305,8.265918e-04,2.158560e-03,2.985152e-03,9.970193e-01
7185.306,8.322857e-04,2.173449e-03,3.005735e-03,9.969988e-01
7185.307,8.380387e-04,2.188492e-03,3.026531e-03,9.969780e-01
7185.308,8.438514e-04,2.203692e-03,3.047544e-03,9.969571e-01
7185.309,8.497249e-04,2.219051e-03,3.068776e-03,9.969359e-01
7185.310,8.556598e-04,2.234572e-03,3.090232e-03,9.969145e-01
7185.311,8.616571e-04,2.250256e-03,3.111913e-03,9.968929e-01
7185.312,8.677177e-04,2.266105e-03,3.133823e-03,9.968711e-01
7185.313,8.738424e-04,2.282123e-03,3.155965e-03,9.968490e-01
7185.314,8.800321e-04,2.298311e-03,3.178343e-03,9.968267e-01
7185.315,8.862878e-04,2.314673e-03,3.200960e-03,9.968042e-01
7185.316,8.926105e-04,2.331209e-03,3.223820e-03,9.967814e-01
7185.317,8.990009e-04,2.347924e-03,3.246925e-03,9.967583e-01
7185.318,9.054603e-04,2.364819e-03,3.270279e-03,9.967351e-01
7185.319,9.119894e-04,2.381897e-03,3.293886e-03,9.967115e-01
7185.320,9.185894e-04,2.399161e-03,3.317750e-03,9.966877e-01
7185.321,9.252613e-04,2.416613e-03,3.341875e-03,9.966637e-01
7185.322,9.320061e-04,2.434257e-03,3.366263e-03,9.966394e-01
7185.323,9.388249e-04,2.452095e-03,3.390919e-03,9.966148e-01
7185.324,9.457188e-04,2.470129e-03,3.415848e-03,9.965900e-01
7185.325,9.526888e-04,2.488363e-03,3.441052e-03,9.965649e-01
7185.326,9.597361e-04,2.506801e-03,3.466537e-03,9.965395e-01
7185.327,9.668619e-04,2.525443e-03,3.492305e-03,9.965138e-01
7185.328,9.740673e-04,2.544295e-03,3.518362e-03,9.964878e-01
7185.329,9.813535e-04,2.563359e-03,3.544712e-03,9.964616e-01
7185.330,9.887217e-04,2.582638e-03,3.571359e-03,9.964350e-01
7185.331,9.961732e-04,2.602135e-03,3.598308e-03,9.964082e-01
7185.332,1.003709e-03,2.621854e-03,3.625563e-03,9.963810e-01
7185.333,1.011331e-03,2.641798e-03,3.653129e-03,9.963535e-01
7185.334,1.019040e-03,2.661971e-03,3.681011e-03,9.963258e-01
7185.335,1.026837e-03,2.682376e-03,3.709213e-03,9.962977e-01
7185.336,1.034724e-03,2.703016e-03,3.737741e-03,9.962692e-01
7185.337,1.042702e-03,2.723896e-03,3.766599e-03,9.962405e-01
7185.338,1.050773e-03,2.745019e-03,3.795792e-03,9.962114e-01
7185.339,1.058938e-03,2.766388e-03,3.825327e-03,9.961820e-01
7185.340,1.067198e-03,2.788009e-03,3.855207e-03,9.961522e-01
7185.341,1.075556e-03,2.809884e-03,3.885439e-03,9.961221e-01
7185.342,1.084012e-03,2.832017e-03,3.916028e-03,9.960916e-01
7185.343,1.092567e-03,2.854413e-03,3.946980e-03,9.960608e-01
7185.344,1.101225e-03,2.877076e-03,3.978301e-03,9.960296e-01
7185.345,1.109986e-03,2.900010e-03,4.009996e-03,9.959980e-01
7185.346,1.118851e-03,2.923220e-03,4.042071e-03,9.959661e-01
7185.347,1.127823e-03,2.946709e-03,4.074533e-03,9.959338e-01
7185.348,1.136904e-03,2.970483e-03,4.107387e-03,9.959010e-01
7185.349,1.146094e-03,2.994546e-03,4.140641e-03,9.958679e-01
7185.350,1.155397e-03,3.018903e-03,4.174300e-03,9.958344e-01
7185.351,1.164813e-03,3.043558e-03,4.208371e-03,9.958005e-01
7185.352,1.174344e-03,3.068517e-03,4.242861e-03,9.957661e-01
7185.353,1.183993e-03,3.093784e-03,4.277777e-03,9.957314e-01
7185.354,1.193761e-03,3.119365e-03,4.313126e-03,9.956962e-01
7185.355,1.203651e-03,3.145265e-03,4.348915e-03,9.956605e-01
7185.356,1.213664e-03,3.171488e-03,4.385152e-03,9.956244e-01
7185.357,1.223802e-03,3.198042e-03,4.421843e-03,9.955879e-01
7185.358,1.234068e-03,3.224930e-03,4.458997e-03,9.955509e-01
7185.359,1.244463e-03,3.252159e-03,4.496622e-03,9.955135e-01
7185.360,1.254990e-03,3.279734e-03,4.534724e-03,9.954755e-01
7185.361,1.265651e-03,3.307662e-03,4.573313e-03,9.954371e-01
7185.362,1.276448e-03,3.335949e-03,4.612397e-03,9.953982e-01
7185.363,1.287385e-03,3.364600e-03,4.651985e-03,9.953588e-01
7185.364,1.298462e-03,3.393622e-03,4.692084e-03,9.953189e-01
7185.365,1.309682e-03,3.423022e-03,4.732704e-03,9.952785e-01
7185.366,1.321049e-03,3.452805e-03,4.773854e-03,9.952375e-01
7185.367,1.332564e-03,3.482979e-03,4.815543e-03,9.951960e-01
7185.368,1.344230e-03,3.513551e-03,4.857781e-03,9.951540e-01
7185.369,1.356050e-03,3.544527e-03,4.900577e-03,9.951114e-01
7185.370,1.368026e-03,3.575915e-03,4.943941e-03,9.950683e-01
7185.371,1.380162e-03,3.607722e-03,4.987884e-03,9.950245e-01
7185.372,1.392460e-03,3.639955e-03,5.032415e-03,9.949802e-01
7185.373,1.404922e-03,3.672623e-03,5.077545e-03,9.949353e-01
7185.374,1.417553e-03,3.705733e-03,5.123286e-03,9.948898e-01
7185.375,1.430354e-03,3.739292e-03,5.169647e-03,9.948437e-01
7185.376,1.443330e-03,3.773311e-03,5.216640e-03,9.947969e-01
7185.377,1.456483e-03,3.807795e-03,5.264278e-03,9.947496e-01
7185.378,1.469816e-03,3.842755e-03,5.312571e-03,9.947015e-01
7185.379,1.483333e-03,3.878199e-03,5.361532e-03,9.946528e-01
7185.380,1.497037e-03,3.914136e-03,5.411173e-03,9.946034e-01
7185.381,1.510931e-03,3.950576e-03,5.461507e-03,9.945534e-01
7185.382,1.525020e-03,3.987526e-03,5.512546e-03,9.945026e-01
7185.383,1.539307e-03,4.024998e-03,5.564305e-03,9.944511e-01
7185.384,1.553795e-03,4.063002e-03,5.616796e-03,9.943989e-01
7185.385,1.568488e-03,4.101546e-03,5.670034e-03,9.943460e-01
7185.386,1.583390e-03,4.140642e-03,5.724032e-03,9.942923e-01
7185.387,1.598506e-03,4.180299e-03,5.778806e-03,9.942379e-01
7185.388,1.613839e-03,4.220530e-03,5.834369e-03,9.941826e-01
7185.389,1.629394e-03,4.261345e-03,5.890738e-03,9.941266e-01
7185.390,1.645174e-03,4.302755e-03,5.947929e-03,9.940697e-01
7185.391,1.661184e-03,4.344772e-03,6.005956e-03,9.940120e-01
7185.392,1.677429e-03,4.387408e-03,6.064837e-03,9.939535e-01
7185.393,1.693912e-03,4.430675e-03,6.124588e-03,9.938941e-01
7185.394,1.710640e-03,4.474586e-03,6.185226e-03,9.938339e-01
7185.395,1.727617e-03,4.519153e-03,6.246770e-03,9.937727e-01
7185.396,1.744847e-03,4.564390e-03,6.309237e-03,9.937106e-01
7185.397,1.762336e-03,4.610311e-03,6.372647e-03,9.936476e-01
7185.398,1.780089e-03,4.656928e-03,6.437017e-03,9.935837e-01
7185.399,1.798111e-03,4.704256e-03,6.502367e-03,9.935187e-01
7185.400,1.816408e-03,4.752310e-03,6.568718e-03,9.934528e-01
7185.401,1.834985e-03,4.801105e-03,6.636090e-03,9.933859e-01
7185.402,1.853848e-03,4.850656e-03,6.704504e-03,9.933179e-01
7185.403,1.873003e-03,4.900978e-03,6.773981e-03,9.932489e-01
7185.404,1.892456e-03,4.952088e-03,6.844545e-03,9.931788e-01
7185.405,1.912214e-03,5.004003e-03,6.916217e-03,9.931076e-01
7185.406,1.932282e-03,5.056739e-03,6.989020e-03,9.930353e-01
7185.407,1.952667e-03,5.110313e-03,7.062980e-03,9.929619e-01
7185.408,1.973375e-03,5.164744e-03,7.138120e-03,9.928873e-01
7185.409,1.994415e-03,5.220050e-03,7.214465e-03,9.928115e-01
7185.410,2.015792e-03,5.276250e-03,7.292043e-03,9.927345e-01
7185.411,2.037514e-03,5.333364e-03,7.370878e-03,9.926562e-01
7185.412,2.059589e-03,5.391410e-03,7.450999e-03,9.925767e-01
7185.413,2.082024e-03,5.450410e-03,7.532433e-03,9.924959e-01
7185.414,2.104826e-03,5.510384e-03,7.615210e-03,9.924137e-01
7185.415,2.128005e-03,5.571355e-03,7.699360e-03,9.923302e-01
7185.416,2.151568e-03,5.633343e-03,7.784912e-03,9.922453e-01
7185.417,2.175524e-03,5.696373e-03,7.871898e-03,9.921590e-01
7185.418,2.199882e-03,5.760468e-03,7.960350e-03,9.920712e-01
7185.419,2.224650e-03,5.825652e-03,8.050301e-03,9.919820e-01
7185.420,2.249838e-03,5.891949e-03,8.141786e-03,9.918913e-01
7185.421,2.275455e-03,5.959385e-03,8.234840e-03,9.917990e-01
7185.422,2.301511e-03,6.027986e-03,8.329497e-03,9.917051e-01
7185.423,2.328017e-03,6.097780e-03,8.425797e-03,9.916096e-01
7185.424,2.354982e-03,6.168794e-03,8.523776e-03,9.915124e-01
7185.425,2.382418e-03,6.241056e-03,8.623474e-03,9.914136e-01
7185.426,2.410335e-03,6.314597e-03,8.724932e-03,9.913130e-01
7185.427,2.438744e-03,6.389447e-03,8.828190e-03,9.912107e-01
7185.428,2.467657e-03,6.465636e-03,8.933293e-03,9.911065e-01
7185.429,2.497086e-03,6.543197e-03,9.040283e-03,9.910005e-01
7185.430,2.527044e-03,6.622163e-03,9.149207e-03,9.908925e-01
7185.431,2.557543e-03,6.702569e-03,9.260112e-03,9.907826e-01
7185.432,2.588596e-03,6.784449e-03,9.373045e-03,9.906707e-01
7185.433,2.620216e-03,6.867840e-03,9.488056e-03,9.905568e-01
7185.434,2.652418e-03,6.952779e-03,9.605197e-03,9.904408e-01
7185.435,2.685216e-03,7.039304e-03,9.724520e-03,9.903226e-01
7185.436,2.718624e-03,7.127456e-03,9.846081e-03,9.902022e-01
7185.437,2.752658e-03,7.217276e-03,9.969934e-03,9.900796e-01
7185.438,2.787333e-03,7.308805e-03,1.009614e-02,9.899547e-01
7185.439,2.822666e-03,7.402088e-03,1.022475e-02,9.898273e-01
7185.440,2.858673e-03,7.497169e-03,1.035584e-02,9.896976e-01
7185.441,2.895371e-03,7.594096e-03,1.048947e-02,9.895654e-01
7185.442,2.932778e-03,7.692916e-03,1.062569e-02,9.894306e-01
7185.443,2.970913e-03,7.793678e-03,1.076459e-02,9.892931e-01
7185.444,3.009793e-03,7.896435e-03,1.090623e-02,9.891530e-01
7185.445,3.049440e-03,8.001238e-03,1.105068e-02,9.890102e-01
7185.446,3.089872e-03,8.108143e-03,1.119802e-02,9.888644e-01
7185.447,3.131111e-03,8.217207e-03,1.134832e-02,9.887158e-01
7185.448,3.173178e-03,8.328487e-03,1.150166e-02,9.885642e-01
7185.449,3.216096e-03,8.442044e-03,1.165814e-02,9.884096e-01
7185.450,3.259887e-03,8.557941e-03,1.181783e-02,9.882517e-01
7185.451,3.304575e-03,8.676242e-03,1.198082e-02,9.880907e-01
7185.452,3.350184e-03,8.797014e-03,1.214720e-02,9.879263e-01
7185.453,3.396741e-03,8.920327e-03,1.231707e-02,9.877585e-01
7185.454,3.444271e-03,9.046253e-03,1.249052e-02,9.875872e-01
7185.455,3.492801e-03,9.174864e-03,1.266767e-02,9.874122e-01
7185.456,3.542359e-03,9.306240e-03,1.284860e-02,9.872336e-01
7185.457,3.592975e-03,9.440458e-03,1.303343e-02,9.870511e-01
7185.458,3.644679e-03,9.577602e-03,1.322228e-02,9.868648e-01
7185.459,3.697501e-03,9.717756e-03,1.341526e-02,9.866743e-01
7185.460,3.751474e-03,9.861011e-03,1.361249e-02,9.864797e-01
7185.461,3.806632e-03,1.000746e-02,1.381409e-02,9.862809e-01
7185.462,3.863009e-03,1.015719e-02,1.402020e-02,9.860776e-01
7185.463,3.920641e-03,1.031031e-02,1.423095e-02,9.858698e-01
7185.464,3.979564e-03,1.046692e-02,1.444648e-02,9.856574e-01
7185.465,4.039819e-03,1.062712e-02,1.466694e-02,9.854401e-01
7185.466,4.101445e-03,1.079103e-02,1.489248e-02,9.852179e-01
7185.467,4.164483e-03,1.095877e-02,1.512325e-02,9.849905e-01
7185.468,4.228976e-03,1.113044e-02,1.535941e-02,9.847579e-01
7185.469,4.294969e-03,1.130617e-02,1.560114e-02,9.845199e-01
7185.470,4.362509e-03,1.148610e-02,1.584861e-02,9.842763e-01
7185.471,4.431643e-03,1.167036e-02,1.610200e-02,9.840269e-01
7185.472,4.502423e-03,1.185909e-02,1.636151e-02,9.837716e-01
7185.473,4.574898e-03,1.205242e-02,1.662732e-02,9.835101e-01
7185.474,4.649125e-03,1.225052e-02,1.689965e-02,9.832423e-01
7185.475,4.725159e-03,1.245355e-02,1.717870e-02,9.829680e-01
7185.476,4.803057e-03,1.266165e-02,1.746471e-02,9.826869e-01
7185.477,4.882882e-03,1.287501e-02,1.775789e-02,9.823988e-01
7185.478,4.964696e-03,1.309380e-02,1.805850e-02,9.821036e-01
7185.479,5.048564e-03,1.331821e-02,1.836678e-02,9.818009e-01
7185.480,5.134556e-03,1.354843e-02,1.868299e-02,9.814905e-01
7185.481,5.222742e-03,1.378467e-02,1.900741e-02,9.811721e-01
7185.482,5.313196e-03,1.402712e-02,1.934032e-02,9.808455e-01
7185.483,5.405996e-03,1.427602e-02,1.968201e-02,9.805104e-01
7185.484,5.501222e-03,1.453158e-02,2.003280e-02,9.801665e-01
7185.485,5.598958e-03,1.479405e-02,2.039301e-02,9.798135e-01
7185.486,5.699290e-03,1.506369e-02,2.076298e-02,9.794511e-01
7185.487,5.802310e-03,1.534073e-02,2.114304e-02,9.790789e-01
7185.488,5.908114e-03,1.562547e-02,2.153359e-02,9.786966e-01
7185.489,6.016799e-03,1.591819e-02,2.193499e-02,9.783038e-01
7185.490,6.128469e-03,1.621918e-02,2.234765e-02,9.779002e-01
7185.491,6.243231e-03,1.652875e-02,2.277198e-02,9.774853e-01
7185.492,6.361199e-03,1.684724e-02,2.320844e-02,9.770588e-01
7185.493,6.482489e-03,1.717498e-02,2.365747e-02,9.766202e-01
7185.494,6.607225e-03,1.751233e-02,2.411955e-02,9.761690e-01
7185.495,6.735533e-03,1.785966e-02,2.459519e-02,9.757048e-01
7185.496,6.867548e-03,1.821818e-02,2.508573e-02,9.752263e-01
7185.497,7.003409e-03,1.858673e-02,2.559014e-02,9.747345e-01
7185.498,7.143263e-03,1.896649e-02,2.610975e-02,9.742282e-01
7185.499,7.287261e-03,1.935792e-02,2.664518e-02,9.737067e-01
7185.500,7.435681e-03,1.976148e-02,2.719717e-02,9.731693e-01
7185.501,7.588444e-03,2.017769e-02,2.776613e-02,9.726158e-01
7185.502,7.745847e-03,2.060706e-02,2.835290e-02,9.720453e-01
7185.503,7.908072e-03,2.105013e-02,2.895820e-02,9.714571e-01
7185.504,8.075310e-03,2.150748e-02,2.958279e-02,9.708505e-01
7185.505,8.247757e-03,2.197973e-02,3.022748e-02,9.702248e-01
7185.506,8.425623e-03,2.246749e-02,3.089311e-02,9.695792e-01
7185.507,8.609123e-03,2.297143e-02,3.158055e-02,9.689129e-01
7185.508,8.798484e-03,2.349226e-02,3.229075e-02,9.682250e-01
7185.509,8.993943e-03,2.403071e-02,3.302466e-02,9.675147e-01
7185.510,9.195748e-03,2.458756e-02,3.378331e-02,9.667810e-01
7185.511,9.404156e-03,2.516361e-02,3.456777e-02,9.660229e-01
7185.512,9.619438e-03,2.575972e-02,3.537916e-02,9.652394e-01
7185.513,9.841877e-03,2.637678e-02,3.621866e-02,9.644294e-01
7185.514,1.007177e-02,2.701574e-02,3.708751e-02,9.635918e-01
7185.515,1.030941e-02,2.767759e-02,3.798700e-02,9.627255e-01
7185.516,1.055514e-02,2.836336e-02,3.891849e-02,9.618291e-01
7185.517,1.080927e-02,2.907414e-02,3.988341e-02,9.609015e-01
7185.518,1.107217e-02,2.981108e-02,4.088325e-02,9.599412e-01
7185.519,1.134419e-02,3.057538e-02,4.191957e-02,9.589469e-01
7185.520,1.162571e-02,3.136830e-02,4.299401e-02,9.579171e-01
7185.521,1.191712e-02,3.219116e-02,4.410828e-02,9.568503e-01
7185.522,1.221883e-02,3.304534e-02,4.526417e-02,9.557450e-01
7185.523,1.253126e-02,3.393229e-02,4.646356e-02,9.545993e-01
7185.524,1.285485e-02,3.485353e-02,4.770838e-02,9.534118e-01
7185.525,1.319005e-02,3.581062e-02,4.900068e-02,9.521805e-01
7185.526,1.353733e-02,3.680524e-02,5.034257e-02,9.509036e-01
7185.527,1.389717e-02,3.783908e-02,5.173626e-02,9.495793e-01
7185.528,1.427007e-02,3.891396e-02,5.318403e-02,9.482055e-01
7185.529,1.465655e-02,4.003172e-02,5.468827e-02,9.467802e-01
7185.530,1.505712e-02,4.119431e-02,5.625142e-02,9.453014e-01
7185.531,1.547232e-02,4.240372e-02,5.787604e-02,9.437669e-01
7185.532,1.590270e-02,4.366203e-02,5.956473e-02,9.421745e-01
7185.533,1.634882e-02,4.497138e-02,6.132020e-02,9.405220e-01
7185.534,1.681125e-02,4.633396e-02,6.314521e-02,9.388071e-01
7185.535,1.729056e-02,4.775204e-02,6.504260e-02,9.370275e-01
7185.536,1.778733e-02,4.922792e-02,6.701525e-02,9.351809e-01
7185.537,1.830213e-02,5.076396e-02,6.906609e-02,9.332650e-01
7185.538,1.883554e-02,5.236257e-02,7.119811e-02,9.312774e-01
7185.539,1.938814e-02,5.402616e-02,7.341430e-02,9.292158e-01
7185.540,1.996049e-02,5.575718e-02,7.571767e-02,9.270779e-01
7185.541,2.055315e-02,5.755809e-02,7.811124e-02,9.248615e-01
7185.542,2.116664e-02,5.943132e-02,8.059796e-02,9.225645e-01
7185.543,2.180150e-02,6.137930e-02,8.318079e-02,9.201848e-01
7185.544,2.245819e-02,6.340439e-02,8.586258e-02,9.177203e-01
7185.545,2.313720e-02,6.550891e-02,8.864611e-02,9.151694e-01
7185.546,2.383892e-02,6.769510e-02,9.153401e-02,9.125303e-01
7185.547,2.456373e-02,6.996506e-02,9.452879e-02,9.098015e-01
7185.548,2.531196e-02,7.232078e-02,9.763274e-02,9.069819e-01
7185.549,2.608387e-02,7.476407e-02,1.008479e-01,9.040705e-01
7185.550,2.687964e-02,7.729657e-02,1.041762e-01,9.010665e-01
7185.551,2.769941e-02,7.991967e-02,1.076191e-01,8.979696e-01
7185.552,2.854320e-02,8.263449e-02,1.111777e-01,8.947797e-01
7185.553,2.941096e-02,8.544189e-02,1.148528e-01,8.914973e-01
7185.554,3.030253e-02,8.834236e-02,1.186449e-01,8.881231e-01
7185.555,3.121765e-02,9.133604e-02,1.225537e-01,8.846584e-01
7185.556,3.215594e-02,9.442264e-02,1.265786e-01,8.811049e-01
7185.557,3.311688e-02,9.760144e-02,1.307183e-01,8.774649e-01
7185.558,3.409984e-02,1.008712e-01,1.349711e-01,8.737412e-01
7185.559,3.510402e-02,1.042302e-01,1.393342e-01,8.699372e-01
7185.560,3.612850e-02,1.076762e-01,1.438047e-01,8.660569e-01
7185.561,3.717219e-02,1.112061e-01,1.483783e-01,8.621049e-01
7185.562,3.823382e-02,1.148165e-01,1.530503e-01,8.580865e-01
7185.563,3.931199e-02,1.185032e-01,1.578152e-01,8.540076e-01
7185.564,4.040510e-02,1.222612e-01,1.626663e-01,8.498747e-01
7185.565,4.151140e-02,1.260850e-01,1.675964e-01,8.456951e-01
7185.566,4.262894e-02,1.299682e-01,1.725971e-01,8.414765e-01
7185.567,4.375560e-02,1.339037e-01,1.776594e-01,8.372276e-01
7185.568,4.488911e-02,1.378838e-01,1.827729e-01,8.329573e-01
7185.569,4.602701e-02,1.418998e-01,1.879268e-01,8.286754e-01
7185.570,4.716667e-02,1.459424e-01,1.931091e-01,8.243920e-01
7185.571,4.830532e-02,1.500017e-01,1.983070e-01,8.201181e-01
7185.572,4.944002e-02,1.540668e-01,2.035068e-01,8.158647e-01
7185.573,5.056769e-02,1.581264e-01,2.086941e-01,8.116435e-01
7185.574,5.168515e-02,1.621685e-01,2.138537e-01,8.074665e-01
7185.575,5.278908e-02,1.661806e-01,2.189697e-01,8.033461e-01
7185.576,5.387607e-02,1.701495e-01,2.240256e-01,7.992947e-01
7185.577,5.494263e-02,1.740618e-01,2.290044e-01,7.953250e-01
7185.578,5.598522e-02,1.779035e-01,2.338887e-01,7.914499e-01
7185.579,5.700025e-02,1.816605e-01,2.386608e-01,7.876820e-01
7185.580,5.798411e-02,1.853185e-01,2.433027e-01,7.840342e-01
7185.581,5.893321e-02,1.888631e-01,2.477963e-01,7.805189e-01
7185.582,5.984400e-02,1.922798e-01,2.521237e-01,7.771486e-01
7185.583,6.071295e-02,1.955543e-01,2.562672e-01,7.739351e-01
7185.584,6.153664e-02,1.986725e-01,2.602092e-01,7.708903e-01
7185.585,6.231177e-02,2.016208e-01,2.639326e-01,7.680253e-01
7185.586,6.303514e-02,2.043860e-01,2.674211e-01,7.653507e-01
7185.587,6.370373e-02,2.069552e-01,2.706589e-01,7.628766e-01
7185.588,6.431470e-02,2.093166e-01,2.736313e-01,7.606125e-01
7185.589,6.486542e-02,2.114588e-01,2.763242e-01,7.585669e-01
7185.590,6.535348e-02,2.133717e-01,2.787252e-01,7.567479e-01
7185.591,6.577672e-02,2.150458e-01,2.808225e-01,7.551624e-01
7185.592,6.613326e-02,2.164729e-01,2.826061e-01,7.538166e-01
7185.593,6.642150e-02,2.176459e-01,2.840674e-01,7.527159e-01
7185.594,6.664011e-02,2.185588e-01,2.851990e-01,7.518646e-01
7185.595,6.678813e-02,2.192072e-01,2.859953e-01,7.512661e-01
7185.596,6.686485e-02,2.195877e-01,2.864525e-01,7.509227e-01
7185.597,6.686994e-02,2.196983e-01,2.865682e-01,7.508359e-01
7185.598,6.680338e-02,2.195385e-01,2.863418e-01,7.510059e-01
7185.599,6.666545e-02,2.191091e-01,2.857745e-01,7.514320e-01
7185.600,6.645681e-02,2.184123e-01,2.848691e-01,7.521127e-01
7185.601,6.617839e-02,2.174516e-01,2.836300e-01,7.530452e-01
7185.602,6.583146e-02,2.162319e-01,2.820633e-01,7.542259e-01
7185.603,6.541758e-02,2.147593e-01,2.801768e-01,7.556501e-01
7185.604,6.493860e-02,2.130411e-01,2.779796e-01,7.573122e-01
7185.605,6.439663e-02,2.110857e-01,2.754824e-01,7.592058e-01
7185.606,6.379406e-02,2.089028e-01,2.726968e-01,7.613235e-01
7185.607,6.313348e-02,2.065027e-01,2.696362e-01,7.636572e-01
7185.608,6.241771e-02,2.038969e-01,2.663146e-01,7.661980e-01
7185.609,6.164975e-02,2.010975e-01,2.627472e-01,7.689362e-01
7185.610,6.083275e-02,1.981172e-01,2.589500e-01,7.718616e-01
7185.611,5.997002e-02,1.949695e-01,2.549395e-01,7.749634e-01
7185.612,5.906496e-02,1.916681e-01,2.507330e-01,7.782301e-01
7185.613,5.812108e-02,1.882271e-01,2.463482e-01,7.816500e-01
7185.614,5.714194e-02,1.846608e-01,2.418027e-01,7.852111e-01
7185.615,5.613111e-02,1.809837e-01,2.371148e-01,7.889007e-01
7185.616,5.509222e-02,1.772102e-01,2.323024e-01,7.927064e-01
7185.617,5.402885e-02,1.733546e-01,2.273834e-01,7.966153e-01
7185.618,5.294454e-02,1.694310e-01,2.223755e-01,8.006147e-01
7185.619,5.184281e-02,1.654532e-01,2.172960e-01,8.046917e-01
7185.620,5.072707e-02,1.614347e-01,2.121618e-01,8.088338e-01
7185.621,4.960065e-02,1.573885e-01,2.069891e-01,8.130285e-01
7185.622,4.846676e-02,1.533270e-01,2.017938e-01,8.172635e-01
7185.623,4.732849e-02,1.492621e-01,1.965906e-01,8.215269e-01
7185.624,4.618880e-02,1.452051e-01,1.913939e-01,8.258072e-01
7185.625,4.505049e-02,1.411666e-01,1.862171e-01,8.300934e-01
7185.626,4.391620e-02,1.371565e-01,1.810727e-01,8.343747e-01
7185.627,4.278842e-02,1.331839e-01,1.759723e-01,8.386412e-01
7185.628,4.166945e-02,1.292573e-01,1.709268e-01,8.428833e-01
7185.629,4.056144e-02,1.253844e-01,1.659459e-01,8.470921e-01
7185.630,3.946634e-02,1.215722e-01,1.610385e-01,8.512593e-01
7185.631,3.838595e-02,1.178267e-01,1.562127e-01,8.553772e-01
7185.632,3.732188e-02,1.141536e-01,1.514755e-01,8.594390e-01
7185.633,3.627556e-02,1.105575e-01,1.468331e-01,8.634381e-01
7185.634,3.524829e-02,1.070426e-01,1.422909e-01,8.673689e-01
7185.635,3.424116e-02,1.036123e-01,1.378535e-01,8.712263e-01
7185.636,3.325514e-02,1.002694e-01,1.335246e-01,8.750060e-01
7185.637,3.229103e-02,9.701608e-02,1.293071e-01,8.787041e-01
7185.638,3.134949e-02,9.385399e-02,1.252035e-01,8.823174e-01
7185.639,3.043105e-02,9.078426e-02,1.212153e-01,8.858432e-01
7185.640,2.953612e-02,8.780754e-02,1.173437e-01,8.892795e-01
7185.641,2.866496e-02,8.492403e-02,1.135890e-01,8.926248e-01
7185.642,2.781776e-02,8.213352e-02,1.099513e-01,8.958778e-01
7185.643,2.699459e-02,7.943546e-02,1.064300e-01,8.990379e-01
7185.644,2.619541e-02,7.682895e-02,1.030244e-01,9.021050e-01
7185.645,2.542012e-02,7.431280e-02,9.973292e-02,9.050791e-01
7185.646,2.466855e-02,7.188557e-02,9.655411e-02,9.079608e-01
7185.647,2.394043e-02,6.954560e-02,9.348602e-02,9.107507e-01
7185.648,2.323545e-02,6.729103e-02,9.052648e-02,9.134501e-01
7185.649,2.255324e-02,6.511987e-02,8.767312e-02,9.160603e-01
7185.650,2.189340e-02,6.302998e-02,8.492338e-02,9.185827e-01
7185.651,2.125548e-02,6.101909e-02,8.227457e-02,9.210190e-01
7185.652,2.063898e-02,5.908490e-02,7.972388e-02,9.233713e-01
7185.653,2.004340e-02,5.722501e-02,7.726841e-02,9.256414e-01
7185.654,1.946820e-02,5.543701e-02,7.490520e-02,9.278314e-01
7185.655,1.891283e-02,5.371844e-02,7.263127e-02,9.299437e-01
7185.656,1.837673e-02,5.206686e-02,7.044358e-02,9.319803e-01
7185.657,1.785932e-02,5.047982e-02,6.833913e-02,9.339437e-01
7185.658,1.736003e-02,4.895490e-02,6.631492e-02,9.358361e-01
7185.659,1.687827e-02,4.748971e-02,6.436799e-02,9.376599e-01
7185.660,1.641348e-02,4.608191e-02,6.249539e-02,9.394174e-01
7185.661,1.596508e-02,4.472918e-02,6.069426e-02,9.411109e-01
7185.662,1.553249e-02,4.342928e-02,5.896178e-02,9.427428e-01
7185.663,1.511517e-02,4.218003e-02,5.729520e-02,9.443153e-01
7185.664,1.471256e-02,4.097929e-02,5.569185e-02,9.458306e-01
7185.665,1.432411e-02,3.982501e-02,5.414912e-02,9.472908e-01
7185.666,1.394932e-02,3.871519e-02,5.266451e-02,9.486982e-01
7185.667,1.358765e-02,3.764792e-02,5.123557e-02,9.500548e-01
7185.668,1.323862e-02,3.662135e-02,4.985997e-02,9.513626e-01
7185.669,1.290173e-02,3.563369e-02,4.853542e-02,9.526236e-01
7185.670,1.257652e-02,3.468324e-02,4.725976e-02,9.538396e-01
7185.671,1.226253e-02,3.376836e-02,4.603090e-02,9.550125e-01
7185.672,1.195933e-02,3.288749e-02,4.484681e-02,9.561439e-01
7185.673,1.166648e-02,3.203911e-02,4.370559e-02,9.572357e-01
7185.674,1.138358e-02,3.122180e-02,4.260538e-02,9.582895e-01
7185.675,1.111023e-02,3.043419e-02,4.154442e-02,9.593067e-01
7185.676,1.084606e-02,2.967496e-02,4.052102e-02,9.602890e-01
7185.677,1.059070e-02,2.894286e-02,3.953357e-02,9.612377e-01
7185.678,1.034381e-02,2.823672e-02,3.858052e-02,9.621542e-01
7185.679,1.010503e-02,2.755538e-02,3.766041e-02,9.630399e-01
7185.680,9.874060e-03,2.689778e-02,3.677184e-02,9.638960e-01
7185.681,9.650582e-03,2.626288e-02,3.591346e-02,9.647238e-01
7185.682,9.434301e-03,2.564970e-02,3.508400e-02,9.655243e-01
7185.683,9.224933e-03,2.505730e-02,3.428224e-02,9.662987e-01
7185.684,9.022207e-03,2.448481e-02,3.350702e-02,9.670481e-01
7185.685,8.825862e-03,2.393137e-02,3.275723e-02,9.677735e-01
7185.686,8.635650e-03,2.339618e-02,3.203183e-02,9.684758e-01
7185.687,8.451331e-03,2.287848e-02,3.132981e-02,9.691559e-01
7185.688,8.272679e-03,2.237753e-02,3.065021e-02,9.698147e-01
7185.689,8.099475e-03,2.189264e-02,2.999212e-02,9.704532e-01
7185.690,7.931510e-03,2.142316e-02,2.935467e-02,9.710720e-01
7185.691,7.768585e-03,2.096844e-02,2.873703e-02,9.716720e-01
7185.692,7.610508e-03,2.052791e-02,2.813842e-02,9.722538e-01
7185.693,7.457097e-03,2.010098e-02,2.755808e-02,9.728182e-01
7185.694,7.308054e-03,1.968711e-02,2.699516e-02,9.733659e-01
7185.695,7.163455e-03,1.928579e-02,2.644924e-02,9.738975e-01
7185.696,7.023022e-03,1.889652e-02,2.591954e-02,9.744135e-01
7185.697,6.886603e-03,1.851883e-02,2.540543e-02,9.749146e-01
7185.698,6.754050e-03,1.815148e-02,2.490553e-02,9.754021e-01
7185.699,6.625224e-03,1.779568e-02,2.442091e-02,9.758749e-01
7185.700,6.499989e-03,1.745020e-02,2.395019e-02,9.763343e-01
7185.701,6.378217e-03,1.711462e-02,2.349284e-02,9.767810e-01
7185.702,6.259785e-03,1.678860e-02,2.304838e-02,9.772152e-01
7185.703,6.144574e-03,1.647176e-02,2.261633e-02,9.776375e-01
7185.704,6.032471e-03,1.616377e-02,2.219624e-02,9.780483e-01
7185.705,5.923369e-03,1.586431e-02,2.178768e-02,9.784480e-01
7185.706,5.817163e-03,1.557307e-02,2.139023e-02,9.788369e-01
7185.707,5.713753e-03,1.528975e-02,2.100350e-02,9.792155e-01
7185.708,5.613045e-03,1.501407e-02,2.062711e-02,9.795842e-01
7185.709,5.514946e-03,1.474576e-02,2.026070e-02,9.799432e-01
7185.710,5.419369e-03,1.448456e-02,1.990393e-02,9.802928e-01
7185.711,5.326229e-03,1.423023e-02,1.955646e-02,9.806335e-01
7185.712,5.235447e-03,1.398252e-02,1.921797e-02,9.809655e-01
7185.713,5.146943e-03,1.374122e-02,1.888816e-02,9.812891e-01
7185.714,5.060644e-03,1.350609e-02,1.856674e-02,9.816046e-01
7185.715,4.976478e-03,1.327694e-02,1.825342e-02,9.819122e-01
7185.716,4.894377e-03,1.305357e-02,1.794795e-02,9.822122e-01
7185.717,4.814274e-03,1.283578e-02,1.765005e-02,9.825048e-01
7185.718,4.736105e-03,1.262339e-02,1.735950e-02,9.827903e-01
7185.719,4.659810e-03,1.241622e-02,1.707603e-02,9.830689e-01
7185.720,4.585331e-03,1.221411e-02,1.679944e-02,9.833409e-01
7185.721,4.512610e-03,1.201689e-02,1.652950e-02,9.836064e-01
7185.722,4.441593e-03,1.182440e-02,1.626599e-02,9.838656e-01
7185.723,4.372228e-03,1.163650e-02,1.600873e-02,9.841187e-01
7185.724,4.304464e-03,1.145304e-02,1.575750e-02,9.843660e-01
7185.725,4.238254e-03,1.127388e-02,1.551214e-02,9.846076e-01
7185.726,4.173551e-03,1.109889e-02,1.527245e-02,9.848436e-01
7185.727,4.110309e-03,1.092795e-02,1.503826e-02,9.850743e-01
7185.728,4.048486e-03,1.076092e-02,1.480941e-02,9.852997e-01
7185.729,3.988039e-03,1.059769e-02,1.458573e-02,9.855201e-01
7185.730,3.928928e-03,1.043815e-02,1.436708e-02,9.857356e-01
7185.731,3.871115e-03,1.028219e-02,1.415330e-02,9.859464e-01
7185.732,3.814562e-03,1.012969e-02,1.394425e-02,9.861525e-01
7185.733,3.759234e-03,9.980563e-03,1.373980e-02,9.863542e-01
7185.734,3.705094e-03,9.834704e-03,1.353980e-02,9.865515e-01
7185.735,3.652111e-03,9.692020e-03,1.334413e-02,9.867445e-01
7185.736,3.600250e-03,9.552420e-03,1.315267e-02,9.869334e-01
7185.737,3.549481e-03,9.415815e-03,1.296530e-02,9.871184e-01
7185.738,3.499775e-03,9.282120e-03,1.278189e-02,9.872994e-01
7185.739,3.451100e-03,9.151254e-03,1.260235e-02,9.874767e-01
7185.740,3.403430e-03,9.023136e-03,1.242657e-02,9.876503e-01
7185.741,3.356737e-03,8.897692e-03,1.225443e-02,9.878204e-01
7185.742,3.310995e-03,8.774847e-03,1.208584e-02,9.879869e-01
7185.743,3.266177e-03,8.654529e-03,1.192071e-02,9.881501e-01
7185.744,3.222260e-03,8.536670e-03,1.175893e-02,9.883099e-01
7185.745,3.179220e-03,8.421204e-03,1.160042e-02,9.884666e-01
7185.746,3.137034e-03,8.308066e-03,1.144510e-02,9.886201e-01
7185.747,3.095678e-03,8.197194e-03,1.129287e-02,9.887707e-01
7185.748,3.055133e-03,8.088527e-03,1.114366e-02,9.889182e-01
7185.749,3.015376e-03,7.982009e-03,1.099738e-02,9.890629e-01
7185.750,2.976388e-03,7.877582e-03,1.085397e-02,9.892047e-01
7185.751,2.938148e-03,7.775192e-03,1.071334e-02,9.893438e-01
7185.752,2.900639e-03,7.674787e-03,1.057543e-02,9.894803e-01
7185.753,2.863841e-03,7.576316e-03,1.044016e-02,9.896142e-01
7185.754,2.827738e-03,7.479729e-03,1.030747e-02,9.897455e-01
7185.755,2.792310e-03,7.384978e-03,1.017729e-02,9.898743e-01
7185.756,2.757543e-03,7.292018e-03,1.004956e-02,9.900008e-01
7185.757,2.723419e-03,7.200803e-03,9.924221e-03,9.901249e-01
7185.758,2.689923e-03,7.111290e-03,9.801212e-03,9.902467e-01
7185.759,2.657039e-03,7.023437e-03,9.680476e-03,9.903662e-01
7185.760,2.624753e-03,6.937203e-03,9.561956e-03,9.904836e-01
7185.761,2.593051e-03,6.852548e-03,9.445600e-03,9.905989e-01
7185.762,2.561918e-03,6.769435e-03,9.331354e-03,9.907120e-01
7185.763,2.531342e-03,6.687826e-03,9.219168e-03,9.908232e-01
7185.764,2.501308e-03,6.607685e-03,9.108993e-03,9.909324e-01
7185.765,2.471804e-03,6.528977e-03,9.000782e-03,9.910396e-01
7185.766,2.442818e-03,6.451668e-03,8.894487e-03,9.911450e-01
7185.767,2.414338e-03,6.375725e-03,8.790064e-03,9.912485e-01
7185.768,2.386352e-03,6.301116e-03,8.687469e-03,9.913502e-01
7185.769,2.358849e-03,6.227810e-03,8.586660e-03,9.914501e-01
7185.770,2.331818e-03,6.155777e-03,8.487595e-03,9.915483e-01
7185.771,2.305248e-03,6.084987e-03,8.390235e-03,9.916449e-01
7185.772,2.279128e-03,6.015413e-03,8.294541e-03,9.917398e-01
7185.773,2.253449e-03,5.947025e-03,8.200474e-03,9.918331e-01
7185.774,2.228201e-03,5.879799e-03,8.107999e-03,9.919248e-01
7185.775,2.203373e-03,5.813706e-03,8.017080e-03,9.920150e-01
7185.776,2.178958e-03,5.748723e-03,7.927681e-03,9.921037e-01
7185.777,2.154946e-03,5.684823e-03,7.839769e-03,9.921909e-01
7185.778,2.131328e-03,5.621985e-03,7.753312e-03,9.922767e-01
7185.779,2.108095e-03,5.560183e-03,7.668278e-03,9.923610e-01
7185.780,2.085239e-03,5.499395e-03,7.584634e-03,9.924441e-01
7185.781,2.062753e-03,5.439600e-03,7.502352e-03,9.925257e-01
7185.782,2.040627e-03,5.380775e-03,7.421402e-03,9.926061e-01
7185.783,2.018855e-03,5.322900e-03,7.341756e-03,9.926851e-01
7185.784,1.997430e-03,5.265955e-03,7.263384e-03,9.927629e-01
7185.785,1.976343e-03,5.209919e-03,7.186261e-03,9.928395e-01
7185.786,1.955587e-03,5.154773e-03,7.110361e-03,9.929149e-01
7185.787,1.935157e-03,5.100499e-03,7.035656e-03,9.929890e-01
7185.788,1.915044e-03,5.047079e-03,6.962123e-03,9.930621e-01
7185.789,1.895243e-03,4.994494e-03,6.889737e-03,9.931339e-01
7185.790,1.875747e-03,4.942727e-03,6.818474e-03,9.932047e-01
7185.791,1.856550e-03,4.891761e-03,6.748311e-03,9.932744e-01
7185.792,1.837646e-03,4.841581e-03,6.679226e-03,9.933430e-01
7185.793,1.819028e-03,4.792169e-03,6.611197e-03,9.934106e-01
7185.794,1.800692e-03,4.743510e-03,6.544202e-03,9.934772e-01
7185.795,1.782631e-03,4.695589e-03,6.478220e-03,9.935427e-01
7185.796,1.764841e-03,4.648391e-03,6.413232e-03,9.936073e-01
7185.797,1.747315e-03,4.601902e-03,6.349216e-03,9.936709e-01
7185.798,1.730048e-03,4.556107e-03,6.286155e-03,9.937336e-01
7185.799,1.713036e-03,4.510993e-03,6.224028e-03,9.937953e-01
7185.800,1.696273e-03,4.466546e-03,6.162819e-03,9.938561e-01
7185.801,1.679755e-03,4.422753e-03,6.102508e-03,9.939161e-01
7185.802,1.663476e-03,4.379602e-03,6.043078e-03,9.939751e-01
7185.803,1.647433e-03,4.337079e-03,5.984512e-03,9.940334e-01
7185.804,1.631620e-03,4.295173e-03,5.926794e-03,9.940907e-01
7185.805,1.616034e-03,4.253873e-03,5.869907e-03,9.941473e-01
7185.806,1.600670e-03,4.213165e-03,5.813835e-03,9.942030e-01
7185.807,1.585524e-03,4.173039e-03,5.758563e-03,9.942580e-01
7185.808,1.570591e-03,4.133485e-03,5.704076e-03,9.943122e-01
7185.809,1.555868e-03,4.094490e-03,5.650358e-03,9.943656e-01
7185.810,1.541351e-03,4.056045e-03,5.597396e-03,9.944182e-01
7185.811,1.527037e-03,4.018139e-03,5.545176e-03,9.944702e-01
7185.812,1.512920e-03,3.980763e-03,5.493683e-03,9.945214e-01
7185.813,1.498998e-03,3.943906e-03,5.442904e-03,9.945719e-01
7185.814,1.485267e-03,3.907559e-03,5.392826e-03,9.946217e-01
7185.815,1.471724e-03,3.871712e-03,5.343436e-03,9.946708e-01
7185.816,1.458365e-03,3.836357e-03,5.294722e-03,9.947193e-01
7185.817,1.445187e-03,3.801484e-03,5.246671e-03,9.947671e-01
7185.818,1.432186e-03,3.767085e-03,5.199271e-03,9.948142e-01
7185.819,1.419360e-03,3.733151e-03,5.152511e-03,9.948607e-01
7185.820,1.406706e-03,3.699673e-03,5.106379e-03,9.949066e-01
7185.821,1.394219e-03,3.666645e-03,5.060864e-03,9.949519e-01
7185.822,1.381898e-03,3.634057e-03,5.015955e-03,9.949966e-01
7185.823,1.369740e-03,3.601901e-03,4.971641e-03,9.950407e-01
7185.824,1.357741e-03,3.570171e-03,4.927912e-03,9.950842e-01
7185.825,1.345899e-03,3.538859e-03,4.884758e-03,9.951272e-01
7185.826,1.334211e-03,3.507957e-03,4.842168e-03,9.951695e-01
7185.827,1.322675e-03,3.477458e-03,4.800133e-03,9.952114e-01
7185.828,1.311287e-03,3.447356e-03,4.758643e-03,9.952527e-01
7185.829,1.300046e-03,3.417643e-03,4.717689e-03,9.952934e-01
7185.830,1.288949e-03,3.388312e-03,4.677261e-03,9.953337e-01
7185.831,1.277993e-03,3.359358e-03,4.637351e-03,9.953734e-01
7185.832,1.267176e-03,3.330774e-03,4.597950e-03,9.954126e-01
7185.833,1.256496e-03,3.302553e-03,4.559049e-03,9.954513e-01
7185.834,1.245950e-03,3.274690e-03,4.520639e-03,9.954896e-01
7185.835,1.235536e-03,3.247178e-03,4.482713e-03,9.955273e-01
7185.836,1.225252e-03,3.220011e-03,4.445263e-03,9.955646e-01
7185.837,1.215096e-03,3.193184e-03,4.408280e-03,9.956014e-01
7185.838,1.205065e-03,3.166691e-03,4.371756e-03,9.956378e-01
7185.839,1.195158e-03,3.140527e-03,4.335685e-03,9.956737e-01
7185.840,1.185373e-03,3.114686e-03,4.300059e-03,9.957092e-01
7185.841,1.175707e-03,3.089162e-03,4.264870e-03,9.957442e-01
7185.842,1.166159e-03,3.063952e-03,4.230111e-03,9.957788e-01
7185.843,1.156727e-03,3.039049e-03,4.195775e-03,9.958130e-01
7185.844,1.147409e-03,3.014448e-03,4.161856e-03,9.958468e-01
7185.845,1.138202e-03,2.990145e-03,4.128347e-03,9.958802e-01
7185.846,1.129106e-03,2.966135e-03,4.095241e-03,9.959131e-01
7185.847,1.120119e-03,2.942413e-03,4.062532e-03,9.959457e-01
7185.848,1.111238e-03,2.918975e-03,4.030213e-03,9.959779e-01
7185.849,1.102463e-03,2.895816e-03,3.998278e-03,9.960097e-01
7185.850,1.093791e-03,2.872931e-03,3.966722e-03,9.960411e-01
7185.851,1.085220e-03,2.850317e-03,3.935538e-03,9.960722e-01
7185.852,1.076750e-03,2.827969e-03,3.904720e-03,9.961029e-01
7185.853,1.068379e-03,2.805883e-03,3.874262e-03,9.961332e-01
7185.854,1.060105e-03,2.784055e-03,3.844160e-03,9.961632e-01
7185.855,1.051927e-03,2.762481e-03,3.814408e-03,9.961929e-01
7185.856,1.043843e-03,2.741156e-03,3.784999e-03,9.962222e-01
7185.857,1.035851e-03,2.720078e-03,3.755930e-03,9.962511e-01
7185.858,1.027952e-03,2.699242e-03,3.727194e-03,9.962797e-01
7185.859,1.020142e-03,2.678645e-03,3.698786e-03,9.963080e-01
7185.860,1.012420e-03,2.658282e-03,3.670703e-03,9.963360e-01
7185.861,1.004786e-03,2.638152e-03,3.642938e-03,9.963637e-01
7185.862,9.972381e-04,2.618249e-03,3.615487e-03,9.963910e-01
7185.863,9.897747e-04,2.598570e-03,3.588345e-03,9.964181e-01
7185.864,9.823948e-04,2.579113e-03,3.561508e-03,9.964448e-01
7185.865,9.750970e-04,2.559873e-03,3.534970e-03,9.964713e-01
7185.866,9.678802e-04,2.540848e-03,3.508729e-03,9.964974e-01
7185.867,9.607432e-04,2.522035e-03,3.482778e-03,9.965233e-01
7185.868,9.536848e-04,2.503430e-03,3.457115e-03,9.965489e-01
7185.869,9.467038e-04,2.485030e-03,3.431734e-03,9.965741e-01
7185.870,9.397992e-04,2.466832e-03,3.406631e-03,9.965992e-01
7185.871,9.329699e-04,2.448834e-03,3.381803e-03,9.966239e-01
7185.872,9.262146e-04,2.431031e-03,3.357246e-03,9.966484e-01
7185.873,9.195325e-04,2.413423e-03,3.332955e-03,9.966726e-01
7185.874,9.129223e-04,2.396005e-03,3.308927e-03,9.966965e-01
7185.875,9.063831e-04,2.378775e-03,3.285158e-03,9.967202e-01
7185.876,8.999139e-04,2.361730e-03,3.261644e-03,9.967437e-01
7185.877,8.935137e-04,2.344868e-03,3.238382e-03,9.967669e-01
7185.878,8.871815e-04,2.328186e-03,3.215368e-03,9.967898e-01
7185.879,8.809164e-04,2.311682e-03,3.192598e-03,9.968125e-01
7185.880,8.747173e-04,2.295352e-03,3.170070e-03,9.968349e-01
7185.881,8.685835e-04,2.279195e-03,3.147779e-03,9.968572e-01
7185.882,8.625139e-04,2.263208e-03,3.125722e-03,9.968792e-01
7185.883,8.565076e-04,2.247389e-03,3.103897e-03,9.969009e-01
7185.884,8.505639e-04,2.231735e-03,3.082299e-03,9.969224e-01
7185.885,8.446818e-04,2.216244e-03,3.060926e-03,9.969438e-01
7185.886,8.388604e-04,2.200914e-03,3.039775e-03,9.969648e-01
7185.887,8.330990e-04,2.185743e-03,3.018842e-03,9.969857e-01
7185.888,8.273968e-04,2.170728e-03,2.998124e-03,9.970064e-01
7185.889,8.217529e-04,2.155867e-03,2.977620e-03,9.970268e-01
7185.890,8.161665e-04,2.141158e-03,2.957325e-03,9.970470e-01
7185.891,8.106368e-04,2.126600e-03,2.937236e-03,9.970671e-01
7185.892,8.051631e-04,2.112189e-03,2.917352e-03,9.970869e-01
7185.893,7.997447e-04,2.097925e-03,2.897669e-03,9.971065e-01
7185.894,7.943807e-04,2.083804e-03,2.878185e-03,9.971260e-01
7185.895,7.890706e-04,2.069826e-03,2.858897e-03,9.971452e-01
7185.896,7.838134e-04,2.055988e-03,2.839801e-03,9.971642e-01
7185.897,7.786086e-04,2.042288e-03,2.820897e-03,9.971831e-01
7185.898,7.734555e-04,2.028725e-03,2.802181e-03,9.972017e-01
7185.899,7.683533e-04,2.015297e-03,2.783650e-03,9.972202e-01
7185.900,7.633015e-04,2.002001e-03,2.765303e-03,9.972385e-01
7185.901,7.582992e-04,1.988837e-03,2.747136e-03,9.972566e-01
7185.902,7.533460e-04,1.975802e-03,2.729148e-03,9.972746e-01
7185.903,7.484411e-04,1.962895e-03,2.711336e-03,9.972923e-01
7185.904,7.435840e-04,1.950114e-03,2.693698e-03,9.973099e-01
7185.905,7.387740e-04,1.937458e-03,2.676232e-03,9.973273e-01
7185.906,7.340104e-04,1.924925e-03,2.658935e-03,9.973446e-01
7185.907,7.292928e-04,1.912512e-03,2.641805e-03,9.973617e-01
7185.908,7.246205e-04,1.900220e-03,2.624840e-03,9.973786e-01
7185.909,7.199930e-04,1.888045e-03,2.608038e-03,9.973954e-01
7185.910,7.154096e-04,1.875988e-03,2.591397e-03,9.974120e-01
7185.911,7.108698e-04,1.864045e-03,2.574915e-03,9.974284e-01
7185.912,7.063731e-04,1.852216e-03,2.558589e-03,9.974447e-01
7185.913,7.018714e-04,1.840500e-03,2.542371e-03,9.974609e-01
7185.914,6.974600e-04,1.828894e-03,2.526354e-03,9.974768e-01
7185.915,6.930902e-04,1.817398e-03,2.510488e-03,9.974927e-01
7185.916,6.887612e-04,1.806010e-03,2.494771e-03,9.975083e-01
7185.917,6.844726e-04,1.794611e-03,2.479084e-03,9.975240e-01
7185.918,6.802240e-04,1.783437e-03,2.463661e-03,9.975394e-01
7185.919,6.760148e-04,1.772368e-03,2.448382e-03,9.975546e-01
7185.920,6.718445e-04,1.761401e-03,2.433245e-03,9.975697e-01
7185.921,6.677127e-04,1.750535e-03,2.418248e-03,9.975847e-01
7185.922,6.636188e-04,1.739770e-03,2.403389e-03,9.975995e-01
7185.923,6.595625e-04,1.729104e-03,2.388667e-03,9.976142e-01
7185.924,6.555432e-04,1.718536e-03,2.374079e-03,9.976287e-01
7185.925,6.515606e-04,1.708064e-03,2.359625e-03,9.976432e-01
7185.926,6.476141e-04,1.697688e-03,2.345302e-03,9.976574e-01
7185.927,6.437033e-04,1.687406e-03,2.331109e-03,9.976716e-01
7185.928,6.398279e-04,1.677217e-03,2.317045e-03,9.976856e-01
7185.929,6.359873e-04,1.667120e-03,2.303108e-03,9.976995e-01
7185.930,6.321812e-04,1.657114e-03,2.289296e-03,9.977133e-01
7185.931,6.284092e-04,1.647198e-03,2.275608e-03,9.977270e-01
7185.932,6.246708e-04,1.637371e-03,2.262042e-03,9.977405e-01
7185.933,6.209656e-04,1.627632e-03,2.248597e-03,9.977539e-01
7185.934,6.172933e-04,1.617979e-03,2.235272e-03,9.977672e-01
7185.935,6.136535e-04,1.608411e-03,2.222065e-03,9.977804e-01
7185.936,6.100457e-04,1.598929e-03,2.208975e-03,9.977935e-01
7185.937,6.064697e-04,1.589530e-03,2.196000e-03,9.978064e-01
7185.938,6.029250e-04,1.580214e-03,2.183138e-03,9.978192e-01
7185.939,5.994113e-04,1.570979e-03,2.170390e-03,9.978320e-01
7185.940,5.959282e-04,1.561825e-03,2.157753e-03,9.978446e-01
7185.941,5.924753e-04,1.552751e-03,2.145226e-03,9.978571e-01
7185.942,5.890524e-04,1.543756e-03,2.132808e-03,9.978695e-01
7185.943,5.856590e-04,1.534838e-03,2.120497e-03,9.978817e-01
7185.944,5.822949e-04,1.525998e-03,2.108293e-03,9.978939e-01
7185.945,5.789596e-04,1.517234e-03,2.096194e-03,9.979060e-01
7185.946,5.756529e-04,1.508545e-03,2.084198e-03,9.979180e-01
7185.947,5.723745e-04,1.499931e-03,2.072305e-03,9.979298e-01
7185.948,5.691240e-04,1.491390e-03,2.060514e-03,9.979416e-01
7185.949,5.659011e-04,1.482922e-03,2.048823e-03,9.979533e-01
7185.950,5.627054e-04,1.474526e-03,2.037232e-03,9.979648e-01
7185.951,5.595368e-04,1.466201e-03,2.025738e-03,9.979763e-01
7185.952,5.563948e-04,1.457947e-03,2.014342e-03,9.979877e-01
7185.953,5.532792e-04,1.449762e-03,2.003041e-03,9.979990e-01
7185.954,5.501897e-04,1.441645e-03,1.991835e-03,9.980101e-01
7185.955,5.471260e-04,1.433597e-03,1.980723e-03,9.980212e-01
7185.956,5.440878e-04,1.425616e-03,1.969704e-03,9.980322e-01
7185.957,5.410749e-04,1.417701e-03,1.958776e-03,9.980431e-01
7185.958,5.380869e-04,1.409853e-03,1.947939e-03,9.980540e-01
7185.959,5.351235e-04,1.402069e-03,1.937192e-03,9.980647e-01
7185.960,5.321846e-04,1.394349e-03,1.926534e-03,9.980753e-01
7185.961,5.292698e-04,1.386693e-03,1.915963e-03,9.980859e-01
7185.962,5.263789e-04,1.379100e-03,1.905479e-03,9.980963e-01
7185.963,5.235116e-04,1.371569e-03,1.895081e-03,9.981067e-01
7185.964,5.206677e-04,1.364100e-03,1.884768e-03,9.981170e-01
7185.965,5.178468e-04,1.356692e-03,1.874538e-03,9.981272e-01
7185.966,5.150488e-04,1.349343e-03,1.864392e-03,9.981373e-01
7185.967,5.122735e-04,1.342055e-03,1.854328e-03,9.981474e-01
7185.968,5.095204e-04,1.334825e-03,1.844345e-03,9.981574e-01
7185.969,5.067896e-04,1.327653e-03,1.834443e-03,9.981672e-01
7185.970,5.040806e-04,1.320539e-03,1.824620e-03,9.981770e-01
7185.971,5.013932e-04,1.313483e-03,1.814876e-03,9.981868e-01
7185.972,4.987273e-04,1.306482e-03,1.805210e-03,9.981964e-01
7185.973,4.960826e-04,1.299538e-03,1.795620e-03,9.982060e-01
7185.974,4.934589e-04,1.292648e-03,1.786107e-03,9.982155e-01
7185.975,4.908559e-04,1.285814e-03,1.776670e-03,9.982249e-01
7185.976,4.882735e-04,1.279033e-03,1.767306e-03,9.982343e-01
7185.977,4.857113e-04,1.272306e-03,1.758017e-03,9.982435e-01
7185.978,4.831693e-04,1.265632e-03,1.748801e-03,9.982527e-01
7185.979,4.806472e-04,1.259010e-03,1.739657e-03,9.982619e-01
7185.980,4.781448e-04,1.252440e-03,1.730585e-03,9.982709e-01
7185.981,4.756618e-04,1.245922e-03,1.721583e-03,9.982799e-01
7185.982,4.731982e-04,1.239454e-03,1.712652e-03,9.982888e-01
7185.983,4.707536e-04,1.233036e-03,1.703790e-03,9.982977e-01
7185.984,4.683280e-04,1.226668e-03,1.694996e-03,9.983064e-01
7185.985,4.659210e-04,1.220350e-03,1.686271e-03,9.983152e-01
7185.986,4.635325e-04,1.214080e-03,1.677612e-03,9.983238e-01
7185.987,4.611623e-04,1.207858e-03,1.669020e-03,9.983324e-01
7185.988,4.588103e-04,1.201684e-03,1.660494e-03,9.983409e-01
7185.989,4.564762e-04,1.195557e-03,1.652033e-03,9.983493e-01
7185.990,4.541599e-04,1.189477e-03,1.643637e-03,9.983577e-01
7185.991,4.518611e-04,1.183443e-03,1.635304e-03,9.983660e-01
7185.992,4.495798e-04,1.177455e-03,1.627035e-03,9.983743e-01
7185.993,4.473157e-04,1.171513e-03,1.618828e-03,9.983825e-01
7185.994,4.450686e-04,1.165615e-03,1.610683e-03,9.983906e-01
7185.995,4.428385e-04,1.159761e-03,1.602600e-03,9.983987e-01
7185.996,4.406250e-04,1.153952e-03,1.594577e-03,9.984067e-01
7185.997,4.384281e-04,1.148186e-03,1.586614e-03,9.984146e-01
7185.998,4.362476e-04,1.142464e-03,1.578711e-03,9.984225e-01
7185.999,4.340833e-04,1.136784e-03,1.570867e-03,9.984304e-01
7186.000,4.319351e-04,1.131146e-03,1.563081e-03,9.984381e-01
